formula_name,thickness,threshold,stl_path,subdivisions,span,size,granularity,mazars_compressive_strength_MPa,mazars_tensile_strength_MPa,mazars_max_force_N,mazars_cross_sectional_area_m2,mazars_total_energy_absorption_J,mazars_max_damage,earthquake_max_displacement_mm,earthquake_residual_displacement_mm,earthquake_max_damage,earthquake_residual_damage,earthquake_max_stress_MPa,earthquake_residual_stress_MPa,earthquake_peak_acceleration_g,earthquake_response_amplification,earthquake_failure_occurred,earthquake_failure_time_s,earthquake_max_kinetic_energy_J,earthquake_max_strain_energy_J
gyroid,0.1,-1.0,outputs/stl/gyroid_0.1_-1.0.stl,150,6.283185307179586,30,0.2,3.8919772981267444,1.372434099865747,3500.0,0.0008992858210361586,0.008169908852788607,0.9499999999999998,1241.6002994464861,1241.6002994464861,0.0,0.0,5.848645514358399e-10,4.1266804749538937e-10,0.028096994635342796,0.06255542532553414,False,,0.03281048514091598,4.711804002234067e+16
gyroid,0.1,-0.5,outputs/stl/gyroid_0.1_-0.5.stl,150,6.283185307179586,30,0.2,3.915382790507889,1.3806876156001502,3500.0,0.0008939100433513407,0.008194438044015605,0.9499999999999998,3603.5315075399526,3603.5315075399526,0.0,0.0,2.0097830436054002e-09,1.3500849970724013e-09,0.07932252826435096,0.26032132921121126,False,,0.21777342235410116,4.0241111686905517e+17
gyroid,0.1,0.0,outputs/stl/gyroid_0.1_0.0.stl,150,6.283185307179586,30,0.2,3.915752105751861,1.3808178478177615,3500.0,0.0008938257339781133,0.008194824501698887,0.9499999999999998,2075.519399795379,2075.519399795379,0.0,0.0,7.029121405194732e-10,6.353586585639408e-10,0.0457004062155146,0.134841806292332,False,,0.07410958858487622,1.3334501492401051e+17
gyroid,0.1,0.5,outputs/stl/gyroid_0.1_0.5.stl,150,6.283185307179586,30,0.2,3.915382869593154,1.3806876434881123,3500.0,0.0008939100252956063,0.008194438126773708,0.9499999999999998,921.915888623535,921.915888623535,0.0,0.0,3.300881645068956e-10,2.9542609376700195e-10,0.02011975356640774,0.04370003049763832,False,,0.02237722342125025,2.6752790556707028e+16
gyroid,0.1,1.0,outputs/stl/gyroid_0.1_1.0.stl,150,6.283185307179586,30,0.2,3.891977260354606,1.3724340865460978,3500.0,0.0008992858297638429,0.008169908813143601,0.9499999999999998,1645.9631802272581,1645.9631802272581,0.0,0.0,5.425265954656157e-10,5.425265954656157e-10,0.0367086563392068,0.07484114311156115,False,,0.05532391959861195,8.329517093126872e+16
gyroid,0.2,-1.0,outputs/stl/gyroid_0.2_-1.0.stl,150,6.283185307179586,30,0.2,3.8396815303648477,1.3539929607076044,3500.0,0.0009115339312183604,0.00811483441282072,0.9499999999999998,976.0914308924692,976.0914308924692,0.0,0.0,3.0067102307261626e-10,2.459801358464037e-10,0.021391708004380873,0.04719586700606019,False,,0.02450170538469914,2.9804666223506548e+16
gyroid,0.2,-0.5,outputs/stl/gyroid_0.2_-0.5.stl,150,6.283185307179586,30,0.2,3.8560262513129318,1.3597566254629811,3500.0,0.0009076701692080782,0.0081320876907481,0.9499999999999998,1012.4968124186629,1012.4968124186629,0.0,0.0,4.482782263201648e-10,2.3711476919529515e-10,0.02244228397656565,0.04906274226037241,False,,0.024713567844700832,3.2194943003659316e+16
gyroid,0.2,0.0,outputs/stl/gyroid_0.2_0.0.stl,150,6.283185307179586,30,0.2,3.8375511526075123,1.3532417222352806,3500.0,0.0009120399600724135,0.008112582959034616,0.9499999999999998,3952.97748258795,3952.97748258795,0.0,0.0,2.3332071642593166e-09,2.3332071642593166e-09,0.08697026604315257,0.2121224009808023,False,,0.27232064823454055,4.884522718381869e+17
gyroid,0.2,0.5,outputs/stl/gyroid_0.2_0.5.stl,150,6.283185307179586,30,0.2,3.8560834157755126,1.3597767834576808,3500.0,0.0009076567134624863,0.008132147968436755,0.9499999999999998,5640.8562476114075,5640.8562476114075,0.0,0.0,2.152718777679391e-09,1.9199105564085318e-09,0.12309651111888584,0.3113208234112992,False,,0.5405168886059486,9.928794518375091e+17
gyroid,0.2,1.0,outputs/stl/gyroid_0.2_1.0.stl,150,6.283185307179586,30,0.2,3.8396723917736244,1.3539897381517518,3500.0,0.0009115361007096955,0.008114824799027866,0.9499999999999998,891.9321117327797,891.9321117327797,0.0,0.0,4.696781386115231e-10,1.9274747418706173e-10,0.019473315569790952,0.05357411403279754,False,,0.020162479222580236,2.4939988821775744e+16
gyroid,0.3,-1.0,outputs/stl/gyroid_0.3_-1.0.stl,150,6.283185307179586,30,0.2,3.7891776293550223,1.3361836903515079,3500.0,0.0009236832744090055,0.008061289992516001,0.9499999999999998,2994.168431211113,2994.168431211113,0.0,0.0,1.2390885115543546e-09,1.0542726102417168e-09,0.06642449106266414,0.14727049683153048,False,,0.16097805403461196,2.8120273458206323e+17
gyroid,0.3,-0.5,outputs/stl/gyroid_0.3_-0.5.stl,150,6.283185307179586,30,0.2,3.796713208342173,1.3388409734680293,3500.0,0.0009218499812705812,0.008069301798982876,0.9499999999999998,1358.1177310178891,1358.1177310178891,0.0,0.0,5.428544300643804e-10,2.463758417283044e-10,0.02997867935938694,0.06928334521278062,False,,0.04001198231616954,5.755003780517483e+16
gyroid,0.3,0.0,outputs/stl/gyroid_0.3_0.0.stl,150,6.283185307179586,30,0.2,3.796720130459016,1.3388434144250214,3500.0,0.0009218483005690643,0.00806930915490119,0.9499999999999998,3266.290341186974,3266.290341186974,0.0,0.0,1.2001182180235817e-09,1.0364623943579291e-09,0.07098446298254592,0.17417438995407264,False,,0.18917595431720305,3.3726830792219546e+17
gyroid,0.3,0.5,outputs/stl/gyroid_0.3_0.5.stl,150,6.283185307179586,30,0.2,3.796713208342173,1.3388409734680293,3500.0,0.0009218499812705812,0.008069301798982876,0.9499999999999998,176.7455390590247,176.7455390590247,0.0,0.0,6.17793953653484e-11,2.95770788471169e-11,0.011298206531848109,0.02668056997449307,False,,0.007289583260825627,1101514897883306.8
gyroid,0.3,1.0,outputs/stl/gyroid_0.3_1.0.stl,150,6.283185307179586,30,0.2,3.78917774546875,1.3361837312968745,3500.0,0.0009236832461041028,0.008061290116029138,0.9499999999999998,102.78296088667592,102.78296088667592,0.0,0.0,2.6659007569348923e-11,1.8666830454323427e-11,0.011110231504948562,0.02542676691556041,False,,0.004568170977364546,374261943442267.2
gyroid,0.4,-1.0,outputs/stl/gyroid_0.4_-1.0.stl,150,6.283185307179586,30,0.2,3.7396432393943986,1.3187163002074984,3500.0,0.000935918154740021,0.008008425660241465,0.9499999999999998,1375.7675247207524,1375.7675247207524,0.0,0.0,7.222926615087788e-10,5.703819923643388e-10,0.029902135145432097,0.07242848019416236,False,,0.04499558796097811,6.050972640230633e+16
gyroid,0.4,-0.5,outputs/stl/gyroid_0.4_-0.5.stl,150,6.283185307179586,30,0.2,3.744253746058383,1.3203421104521667,3500.0,0.0009347657069675067,0.008013360827075069,0.9499999999999998,1980.6765581651434,1980.6765581651434,0.0,0.0,7.781557457433395e-10,7.781557457433395e-10,0.04347196002567927,0.11987788197720291,False,,0.08087304023707784,1.2478172058012566e+17
gyroid,0.4,0.0,outputs/stl/gyroid_0.4_0.0.stl,150,6.283185307179586,30,0.2,3.7442608673724966,1.3203446216524066,3500.0,0.0009347639291105525,0.008013368447503106,0.9499999999999998,1415.0491459176073,1415.0491459176073,0.0,0.0,5.884600332168483e-10,3.994846453907984e-10,0.031223450083606274,0.06321139580732862,False,,0.0434381946506175,6.299463693458087e+16
gyroid,0.4,0.5,outputs/stl/gyroid_0.4_0.5.stl,150,6.283185307179586,30,0.2,3.744253746058383,1.3203421104521667,3500.0,0.0009347657069675067,0.008013360827075069,0.9499999999999998,679.6835620730203,679.6835620730203,0.0,0.0,2.0702873975337561e-10,1.2821326643923983e-10,0.014415498399155057,0.02886705807791227,False,,0.014004732990962006,1.4896462761309348e+16
gyroid,0.4,1.0,outputs/stl/gyroid_0.4_1.0.stl,150,6.283185307179586,30,0.2,3.739643047282116,1.318716232462641,3500.0,0.0009359182028198433,0.008008425454537758,0.9499999999999998,2149.429241830948,2149.429241830948,0.0,0.0,6.919279744287075e-10,6.185965570655527e-10,0.045588237997909675,0.09678658345739041,False,,0.0861718898856119,1.4798760212923776e+17
gyroid,0.5,-1.0,outputs/stl/gyroid_0.5_-1.0.stl,150,6.283185307179586,30,0.2,3.6911452229399977,1.3016143680893677,3500.0,0.0009482151984289173,0.007956327078082007,0.9499999999999998,2659.3114687063844,2659.3114687063844,0.0,0.0,1.2381974656813163e-09,6.883636004811343e-10,0.05770439647155263,0.12583965869328756,False,,0.13673895823226528,2.2712494269818445e+17
gyroid,0.5,-0.5,outputs/stl/gyroid_0.5_-0.5.stl,150,6.283185307179586,30,0.2,3.694524446300519,1.302805988958604,3500.0,0.0009473479065769061,0.00795996823197517,0.9499999999999998,1828.904366529041,1828.904366529041,0.0,0.0,7.509848055063933e-10,3.659163443163499e-10,0.04121825046223827,0.10454503477873367,False,,0.06975163041516658,1.0565823019292802e+17
gyroid,0.5,0.0,outputs/stl/gyroid_0.5_0.0.stl,150,6.283185307179586,30,0.2,3.6945275205342942,1.3028070730305144,3500.0,0.0009473471182842449,0.007959971543740792,0.9499999999999998,1808.686141262596,1808.686141262596,0.0,0.0,5.973814566320056e-10,5.894595627267061e-10,0.03985148390782472,0.08978148938037964,False,,0.06367632464181931,1.0382180869310901e+17
gyroid,0.5,0.5,outputs/stl/gyroid_0.5_0.5.stl,150,6.283185307179586,30,0.2,3.694524446300519,1.302805988958604,3500.0,0.0009473479065769061,0.00795996823197517,0.9499999999999998,1853.4430242568503,1853.4430242568503,0.0,0.0,7.366733720418501e-10,3.4231678948403263e-10,0.04018631071482763,0.11015534410770135,False,,0.06710701169119995,1.0972477593434309e+17
gyroid,0.5,1.0,outputs/stl/gyroid_0.5_1.0.stl,150,6.283185307179586,30,0.2,3.6911344220926807,1.3016105593695244,3500.0,0.0009482179730576386,0.007956315437367316,0.9499999999999998,2066.7520094225633,2066.7520094225633,0.0,0.0,8.764412733234356e-10,8.764412733234356e-10,0.044453567115777894,0.09550051046274262,False,,0.08191094098366623,1.3640638918076224e+17
gyroid,0.6,-1.0,outputs/stl/gyroid_0.6_-1.0.stl,150,6.283185307179586,30,0.2,3.643518671347526,1.2325844711223963,3500.0,0.0009606098707614289,0.007904830498727347,0.9499999999999998,1844.3094613280616,1844.3094613280616,0.0,0.0,8.871345336821117e-10,6.293392618565678e-10,0.04075680339386029,0.08167042659552642,False,,0.06997029294682641,1.0877134970849558e+17
gyroid,0.6,-0.5,outputs/stl/gyroid_0.6_-0.5.stl,150,6.283185307179586,30,0.2,3.6460069114209177,1.2495809846968162,3500.0,0.0009599542965857913,0.0079075292304783,0.9499999999999998,762.4867087932912,762.4867087932912,0.0,0.0,2.6822500922064456e-10,2.5424400148489175e-10,0.01675511270507742,0.041027627768163946,False,,0.01580803191614819,1.886385520483085e+16
gyroid,0.6,0.0,outputs/stl/gyroid_0.6_0.0.stl,150,6.283185307179586,30,0.2,3.6460097198047503,1.2496004414978865,3500.0,0.0009599535571691868,0.007907532275915886,0.9499999999999998,3908.9960268306977,3908.9960268306977,0.0,0.0,1.2123910306443576e-09,1.0613326287848022e-09,0.08617166185825147,0.19259505036466096,False,,0.2854194691014243,4.927073947221696e+17
gyroid,0.6,0.5,outputs/stl/gyroid_0.6_0.5.stl,150,6.283185307179586,30,0.2,3.6460069114209177,1.2495809846968162,3500.0,0.0009599542965857913,0.0079075292304783,0.9499999999999998,3305.19860727857,3305.19860727857,0.0,0.0,1.2781899476920558e-09,8.810063724027946e-10,0.07387400151672777,0.156190694740072,False,,0.20937066698867107,3.499656302045361e+17
gyroid,0.6,1.0,outputs/stl/gyroid_0.6_1.0.stl,150,6.283185307179586,30,0.2,3.643508968415525,1.232519130072672,3500.0,0.000960612428936072,0.007904819973176254,0.9499999999999998,6275.963083348249,6275.963083348249,0.0,0.0,2.6952263182079907e-09,2.6952263182079907e-09,0.1378124623630272,0.2933173363135532,False,,0.7290103225075759,1.2647032708936392e+18
gyroid,0.7,-1.0,outputs/stl/gyroid_0.7_-1.0.stl,150,6.283185307179586,30,0.2,3.596837078254924,0.9868705998535463,3500.0,0.0009730771574725018,0.00785402800428366,0.9499999999999998,890.5985269156695,890.5985269156695,0.0,0.0,3.673065211070548e-10,2.5899636068765277e-10,0.01964565728327104,0.04517994823440631,False,,0.02142060696255968,2.5796179165845388e+16
gyroid,0.7,-0.5,outputs/stl/gyroid_0.7_-0.5.stl,150,6.283185307179586,30,0.2,3.5988707687450656,0.9952177790490979,3500.0,0.0009725272800558098,0.007856248066601375,0.9499999999999998,1232.0688510359757,1232.0688510359757,0.0,0.0,4.724377665641097e-10,4.724377665641097e-10,0.02630996523258967,0.05916879497367355,False,,0.0374226740006019,4.925424206128251e+16
gyroid,0.7,0.0,outputs/stl/gyroid_0.7_0.0.stl,150,6.283185307179586,30,0.2,3.598873146674597,0.995227641867362,3500.0,0.0009725266374654085,0.007856250662082348,0.9499999999999998,732.6720811300877,732.6720811300877,0.0,0.0,3.537408866717259e-10,3.537408866717259e-10,0.017035536353378056,0.03988114785271293,False,,0.017048981646494935,1.693255278948663e+16
gyroid,0.7,0.5,outputs/stl/gyroid_0.7_0.5.stl,150,6.283185307179586,30,0.2,3.5988707687450656,0.9952177790490979,3500.0,0.0009725272800558098,0.007856248066601375,0.9499999999999998,1416.6951653272579,1416.6951653272579,0.0,0.0,5.053491116763862e-10,5.053491116763862e-10,0.03130181588182344,0.0823785775596767,False,,0.04406305361035318,6.512091366696296e+16
gyroid,0.7,1.0,outputs/stl/gyroid_0.7_1.0.stl,150,6.283185307179586,30,0.2,3.596825601414422,0.9868239874553526,3500.0,0.0009730802623912746,0.00785401547389979,0.9499999999999998,904.9982275407583,904.9982275407583,0.0,0.0,3.2031718314458127e-10,2.4261914457771344e-10,0.020554343539808704,0.050710019503197507,False,,0.027512018088365134,2.6082488416460004e+16
gyroid,0.8,-1.0,outputs/stl/gyroid_0.8_-1.0.stl,150,6.283185307179586,30,0.2,3.5509969302243087,0.8857454191425753,3500.0,0.0009856387005603277,0.007803819408042892,0.9499999999999998,945.8952914810822,945.8952914810822,0.0,0.0,2.7743422108719225e-10,1.4273373074343134e-10,0.02103265855848658,0.0470022106691751,False,,0.026249926713167348,2.889125969858637e+16
gyroid,0.8,-0.5,outputs/stl/gyroid_0.8_-0.5.stl,150,6.283185307179586,30,0.2,3.552681856703822,0.8838286467881229,3500.0,0.0009851712427882016,0.007805670620931333,0.9499999999999998,3876.4757076236547,3876.4757076236547,0.0,0.0,1.038791753006389e-09,9.617117793016423e-10,0.08516078788753609,0.18180586576454322,False,,0.29340218904442766,4.87746841615088e+17
gyroid,0.8,0.0,outputs/stl/gyroid_0.8_0.0.stl,150,6.283185307179586,30,0.2,3.552684057233707,0.8838261398751093,3500.0,0.0009851706325738605,0.00780567303834577,0.9499999999999998,1132.3867585224991,1132.3867585224991,0.0,0.0,4.453487533524842e-10,4.453487533524842e-10,0.023451066625384993,0.05336605189503135,False,,0.0330259734025115,4.243181072388303e+16
gyroid,0.8,0.5,outputs/stl/gyroid_0.8_0.5.stl,150,6.283185307179586,30,0.2,3.552681856703822,0.8838286467881229,3500.0,0.0009851712427882016,0.007805670620931333,0.9499999999999998,543.6035954050902,543.6035954050902,0.0,0.0,2.09923428199749e-10,9.414375981952892e-11,0.011900918819917027,0.02648251726569453,False,,0.011284770538215198,9724247860782810.0
gyroid,0.8,1.0,outputs/stl/gyroid_0.8_1.0.stl,150,6.283185307179586,30,0.2,3.550983973492298,0.8857601371370288,3500.0,0.00098564229693153,0.00780380517090175,0.9499999999999998,471.9000125796961,471.9000125796961,0.0,0.0,2.0714837977791738e-10,2.0714837977791738e-10,0.011656209442716633,0.023376335750599834,False,,0.010204385734470437,6941404946260702.0
gyroid,0.9,-1.0,outputs/stl/gyroid_0.9_-1.0.stl,150,6.283185307179586,30,0.2,3.5060699864532614,0.9342617537085584,3500.0,0.000998268720682498,0.0077542956009990635,0.9499999999999998,809.3556016030093,809.3556016030093,0.0,0.0,3.259296299691469e-10,2.474881879128915e-10,0.017857574730465987,0.035835425864763695,False,,0.020851605307079055,2.1315148124012304e+16
gyroid,0.9,-0.5,outputs/stl/gyroid_0.9_-0.5.stl,150,6.283185307179586,30,0.2,3.5075479250481796,0.9327556799703773,3500.0,0.0009978480906862946,0.007755929790462024,0.9499999999999998,3184.4439220315185,3184.4439220315185,0.0,0.0,1.123410378547519e-09,5.224230196689226e-10,0.06963729149694986,0.1460398313231224,False,,0.20132759210527568,3.32606330057005e+17
gyroid,0.9,0.0,outputs/stl/gyroid_0.9_0.0.stl,150,6.283185307179586,30,0.2,3.5075495279369098,0.9327540430743945,3500.0,0.0009978476346871857,0.007755931562624699,0.9499999999999998,3559.7812755154755,3559.7812755154755,0.0,0.0,1.4705372494740673e-09,8.864844278099587e-10,0.07793690006836519,0.29781346022464256,False,,0.24815797421471997,4.1501444461647674e+17
gyroid,0.9,0.5,outputs/stl/gyroid_0.9_0.5.stl,150,6.283185307179586,30,0.2,3.5075479250481796,0.9327556799703773,3500.0,0.0009978480906862946,0.007755929790462024,0.9499999999999998,3650.556004425115,3650.556004425115,0.0,0.0,9.677730217778044e-10,9.677730217778044e-10,0.07978824339703461,0.2100716015201041,False,,0.26220366124903505,4.382331975489307e+17
gyroid,0.9,1.0,outputs/stl/gyroid_0.9_1.0.stl,150,6.283185307179586,30,0.2,3.5060568614481546,0.934275099742574,3500.0,0.0009982724577245867,0.007754281086847179,0.9499999999999998,3505.7553435338023,3505.7553435338023,0.0,0.0,1.2820397280042761e-09,9.21792594900667e-10,0.07754251973063635,0.15530865191621615,False,,0.25562596030464496,3.9984637861835366e+17
gyroid,1.0,-1.0,outputs/stl/gyroid_1.0_-1.0.stl,150,6.283185307179586,30,0.2,3.461096887253119,0.9771348781710865,3500.0,0.0010112401108706773,0.0077044020933743455,0.9499999999999998,629.3343055434385,629.3343055434385,0.0,0.0,2.2806847713759106e-10,1.7227014593895928e-10,0.01612618125497635,0.038286743003417605,False,,0.016143869343263954,1.354399949407928e+16
gyroid,1.0,-0.5,outputs/stl/gyroid_1.0_-0.5.stl,150,6.283185307179586,30,0.2,3.461096887253119,0.9771348781710865,3500.0,0.0010112401108706773,0.0077044020933743455,0.9499999999999998,798.3311771867236,798.3311771867236,0.0,0.0,3.0332375771365386e-10,2.2380235872216065e-10,0.018358832007065087,0.04039524977781391,False,,0.023396258876849804,2.0902892054628056e+16
gyroid,1.0,0.0,outputs/stl/gyroid_1.0_0.0.stl,150,6.283185307179586,30,0.2,3.461096887253119,0.9771348781710865,3500.0,0.0010112401108706773,0.0077044020933743455,0.9499999999999998,876.3508140956856,876.3508140956856,0.0,0.0,3.2841817663002973e-10,2.2333705497958455e-10,0.019785364061060236,0.04874216904906813,False,,0.02180940838768769,2.5252356966515132e+16
gyroid,1.0,0.5,outputs/stl/gyroid_1.0_0.5.stl,150,6.283185307179586,30,0.2,3.461096887253119,0.9771348781710865,3500.0,0.0010112401108706773,0.0077044020933743455,0.9499999999999998,1832.582677557648,1832.582677557648,0.0,0.0,5.508400410391195e-10,5.465603583979642e-10,0.03933396941249035,0.08523869170412186,False,,0.07309892238868615,1.1092724311678683e+17
gyroid,1.0,1.0,outputs/stl/gyroid_1.0_1.0.stl,150,6.283185307179586,30,0.2,3.461096887253119,0.9771348781710865,3500.0,0.0010112401108706773,0.0077044020933743455,0.9499999999999998,2802.4073771058324,2802.4073771058324,0.0,0.0,8.879286582203333e-10,6.383446919212697e-10,0.061580704650918645,0.16066798365147258,False,,0.16492597415433552,2.5910487039493075e+17
gyroid,1.2,-1.0,outputs/stl/gyroid_1.2_-1.0.stl,150,6.283185307179586,30,0.2,3.3756414661359324,1.0486201949959604,3500.0,0.0010368399710430206,0.007608695758422154,0.9499999999999998,2647.8991847313414,2647.8991847313414,0.0,0.0,1.2509601017102764e-09,1.2509601017102764e-09,0.05787305086454661,0.1799884006612454,False,,0.15250762622743574,2.33413403155543e+17
gyroid,1.2,-0.5,outputs/stl/gyroid_1.2_-0.5.stl,150,6.283185307179586,30,0.2,3.3756414661359324,1.0486201949959604,3500.0,0.0010368399710430206,0.007608695758422154,0.9499999999999998,380.23280204933303,380.23280204933303,0.0,0.0,1.8270045299478106e-10,1.5165132238889032e-10,0.015097723448176448,0.047012336198654775,False,,0.011900535780471172,4878756853286758.0
gyroid,1.2,0.0,outputs/stl/gyroid_1.2_0.0.stl,150,6.283185307179586,30,0.2,3.3756414661359324,1.0486201949959604,3500.0,0.0010368399710430206,0.007608695758422154,0.9499999999999998,384.39950660497914,384.39950660497914,0.0,0.0,1.9851499088670336e-10,1.3409204316997964e-10,0.01108464588471523,0.029629880838455244,False,,0.010135528232343557,5154356592386860.0
gyroid,1.2,0.5,outputs/stl/gyroid_1.2_0.5.stl,150,6.283185307179586,30,0.2,3.3756414661359324,1.0486201949959604,3500.0,0.0010368399710430206,0.007608695758422154,0.9499999999999998,2214.348409061402,2214.348409061402,0.0,0.0,1.115871935396816e-09,8.231083350377047e-10,0.048530427165929556,0.12379778470305373,False,,0.10796403599400485,1.6399484271764173e+17
gyroid,1.2,1.0,outputs/stl/gyroid_1.2_1.0.stl,150,6.283185307179586,30,0.2,3.3756414661359324,1.0486201949959604,3500.0,0.0010368399710430206,0.007608695758422154,0.9499999999999998,1785.3711759611706,1785.3711759611706,0.0,0.0,8.406377336629766e-10,5.171397193318309e-10,0.039115828124101644,0.12475484058128775,False,,0.07052503499777983,1.0608615030364938e+17
gyroid,1.4,-1.0,outputs/stl/gyroid_1.4_-1.0.stl,150,6.283185307179586,30,0.2,3.2933115590571957,1.1294704590494813,3500.0,0.0010627600630053887,0.007515337200540699,0.9499999999999998,2298.970200308365,2298.970200308365,0.0,0.0,1.2467048382342468e-09,8.302044062825824e-10,0.050291856263537146,0.1370650934700834,False,,0.12118616041084622,1.798219365275493e+17
gyroid,1.4,-0.5,outputs/stl/gyroid_1.4_-0.5.stl,150,6.283185307179586,30,0.2,3.2933115590571957,1.1294704590494813,3500.0,0.0010627600630053887,0.007515337200540699,0.9499999999999998,2361.102408757518,2361.102408757518,0.0,0.0,1.1468243332982713e-09,1.0658320955790014e-09,0.05149217857950156,0.11437713026238819,False,,0.1341484862048328,1.8821586275128147e+17
gyroid,1.4,0.0,outputs/stl/gyroid_1.4_0.0.stl,150,6.283185307179586,30,0.2,3.2933115590571957,1.1294704590494813,3500.0,0.0010627600630053887,0.007515337200540699,0.9499999999999998,2253.637587475133,2253.637587475133,0.0,0.0,1.264405627635611e-09,6.546970831036815e-10,0.05023027322764546,0.11658487322250699,False,,0.1193681849786917,1.7177398238274698e+17
gyroid,1.4,0.5,outputs/stl/gyroid_1.4_0.5.stl,150,6.283185307179586,30,0.2,3.2933115590571957,1.1294704590494813,3500.0,0.0010627600630053887,0.007515337200540699,0.9499999999999998,538.9659567647835,538.9659567647835,0.0,0.0,2.739817374781316e-10,2.1402215991617652e-10,0.016257727034345266,0.03488794495747197,False,,0.013391042988403367,1.0081883472824002e+16
gyroid,1.4,1.0,outputs/stl/gyroid_1.4_1.0.stl,150,6.283185307179586,30,0.2,3.2933115590571957,1.1294704590494813,3500.0,0.0010627600630053887,0.007515337200540699,0.9499999999999998,13.605337018255941,10.488136338969968,0.0,0.0,7.048870125241826e-12,5.66858235189736e-12,0.008207054139466775,0.02298161646266119,False,,0.0035026605205320757,13033352598865.469
gyroid,1.6,-1.0,outputs/stl/gyroid_1.6_-1.0.stl,150,6.283185307179586,30,0.2,3.2139579756506094,1.3053541724733269,3500.0,0.0010889999267309916,0.007424242673997662,0.9499999999999998,1558.4766651724703,1558.4766651724703,0.0,0.0,5.489621599532261e-10,5.391162168517926e-10,0.03397247050163477,0.08067233358467714,False,,0.059840605483698434,8.356497969748355e+16
gyroid,1.6,-0.5,outputs/stl/gyroid_1.6_-0.5.stl,150,6.283185307179586,30,0.2,3.2139579756506094,1.3053541724733269,3500.0,0.0010889999267309916,0.007424242673997662,0.9499999999999998,1435.457580826848,1435.457580826848,0.0,0.0,6.386627992027246e-10,3.4721549980765707e-10,0.03155934002478251,0.06978148833940073,False,,0.05314376325430861,7.012458184622366e+16
gyroid,1.6,0.0,outputs/stl/gyroid_1.6_0.0.stl,150,6.283185307179586,30,0.2,3.2139579756506094,1.3053541724733269,3500.0,0.0010889999267309916,0.007424242673997662,0.9499999999999998,4428.149942532793,4428.149942532793,0.0,0.0,1.4306106499598018e-09,9.941835600089647e-10,0.09653448140497331,0.2787189298529869,False,,0.4364558687464985,6.719426904061121e+17
gyroid,1.6,0.5,outputs/stl/gyroid_1.6_0.5.stl,150,6.283185307179586,30,0.2,3.2139579756506094,1.3053541724733269,3500.0,0.0010889999267309916,0.007424242673997662,0.9499999999999998,2104.416782476649,2104.416782476649,0.0,0.0,8.839935198530679e-10,5.181537139236147e-10,0.04618032111954194,0.09296275584080968,False,,0.10775904054974958,1.5199388924174288e+17
gyroid,1.6,1.0,outputs/stl/gyroid_1.6_1.0.stl,150,6.283185307179586,30,0.2,3.2139579756506094,1.3053541724733269,3500.0,0.0010889999267309916,0.007424242673997662,0.9499999999999998,2125.8858060008797,2125.8858060008797,0.0,0.0,8.279191712994636e-10,2.284431599123431e-10,0.04578851362348128,0.10547096819027967,False,,0.10934073750684634,1.5600304278007955e+17
gyroid,1.8,-1.0,outputs/stl/gyroid_1.8_-1.0.stl,150,6.283185307179586,30,0.2,3.137865504507873,1.405207888925212,3500.0,0.0011154079086474174,0.007335829428381634,0.9499999999999998,1104.4044513314727,1104.4044513314727,0.0,0.0,3.6133550481496125e-10,3.332688830060439e-10,0.025063632379252403,0.06338234650583457,False,,0.038145657931957136,4.1402703859038424e+16
gyroid,1.8,-0.5,outputs/stl/gyroid_1.8_-0.5.stl,150,6.283185307179586,30,0.2,3.1384812805256823,1.404722015439831,3500.0,0.001115189063486708,0.007336549186164805,0.9499999999999998,2022.31957363542,2022.31957363542,0.0,0.0,8.320683984565432e-10,4.572909645897275e-10,0.04532174907289666,0.09675204315963229,False,,0.10723303446241643,1.3990284347775915e+17
gyroid,1.8,0.0,outputs/stl/gyroid_1.8_0.0.stl,150,6.283185307179586,30,0.2,3.138481586872589,1.4047217727140504,3500.0,0.0011151889546332037,0.007336549544224786,0.9499999999999998,1492.5104259890684,1492.5104259890684,0.0,0.0,3.954036635671297e-10,3.280422619698294e-10,0.03335348912963014,0.06981937632518681,False,,0.0634780097366131,7.684459801508413e+16
gyroid,1.8,0.5,outputs/stl/gyroid_1.8_0.5.stl,150,6.283185307179586,30,0.2,3.1384812805256823,1.404722015439831,3500.0,0.001115189063486708,0.007336549186164805,0.9499999999999998,253.1541830705245,253.1541830705245,0.0,0.0,7.556853973163407e-11,7.556853973163407e-11,0.014036350254238878,0.03452788710869731,False,,0.006382757406380442,2286029065499365.5
gyroid,1.8,1.0,outputs/stl/gyroid_1.8_1.0.stl,150,6.283185307179586,30,0.2,3.13786036377624,1.4052119282170592,3500.0,0.0011154097360113072,0.007335823419273566,0.9499999999999998,2005.0054268195456,2005.0054268195456,0.0,0.0,6.739163451678585e-10,6.525174994411149e-10,0.04467224106718644,0.10342988659779265,False,,0.10290533680888736,1.3769514305120013e+17
gyroid,2.0,-1.0,outputs/stl/gyroid_2.0_-1.0.stl,150,6.283185307179586,30,0.2,3.063990126781451,1.386858688964236,3500.0,0.0011423013310021832,0.0072489606616605315,0.9499999999999998,583.358088679317,583.358088679317,0.0,0.0,1.757162738588845e-10,9.53739476002816e-11,0.014316748018128033,0.03839183296637995,False,,0.014990796121662023,1.1496458244489716e+16
gyroid,2.0,-0.5,outputs/stl/gyroid_2.0_-0.5.stl,150,6.283185307179586,30,0.2,3.0645241323366412,1.387100396741848,3500.0,0.001142102280438339,0.007249592324370621,0.9499999999999998,497.7631261659782,497.7631261659782,0.0,0.0,1.7751778825258367e-10,1.0457704642539064e-10,0.01222721153742948,0.03152651449832265,False,,0.016187744566164564,8380690938554872.0
gyroid,2.0,0.0,outputs/stl/gyroid_2.0_0.0.stl,150,6.283185307179586,30,0.2,3.064524385693087,1.387100511418976,3500.0,0.0011421021860161913,0.007249592624046984,0.9499999999999998,4554.885424802622,4554.885424802622,0.0,0.0,1.6600984187612936e-09,1.3755401151370134e-09,0.09983040836155889,0.26588859450116714,False,,0.5013764454110923,7.276045970091304e+17
gyroid,2.0,0.5,outputs/stl/gyroid_2.0_0.5.stl,150,6.283185307179586,30,0.2,3.0645241323366412,1.387100396741848,3500.0,0.001142102280438339,0.007249592324370621,0.9499999999999998,187.65646209788702,187.65646209788702,0.0,0.0,7.252642307455726e-11,4.2003668971335706e-11,0.013278490218210278,0.02939702460053825,False,,0.006902507183692636,1242092705841028.2
gyroid,2.0,1.0,outputs/stl/gyroid_2.0_1.0.stl,150,6.283185307179586,30,0.2,3.0639857786374662,1.3868567208569582,3500.0,0.0011423029520575734,0.0072489555181165614,0.9499999999999998,1410.9226385851064,1410.9226385851064,0.0,0.0,5.164329365978662e-10,4.196561939939036e-10,0.030718519031628498,0.0615877433450982,False,,0.05663582946668201,7.011356677279719e+16
diamond,0.1,-1.0,outputs/stl/diamond_0.1_-1.0.stl,150,6.283185307179586,30,0.2,3.8912129385255105,1.37216456253268,3500.0,0.0008994624697476074,0.00816912796832098,0.9499999999999998,565.6536768365321,565.6536768365321,0.0,0.0,2.735547506668242e-10,1.8482954482106895e-10,0.012366204144315737,0.0377832900541098,False,,0.011866765567085762,1.008561520922775e+16
diamond,0.1,-0.5,outputs/stl/diamond_0.1_-0.5.stl,150,6.283185307179586,30,0.2,3.9219351065804307,1.3829981691625728,3500.0,0.0008924166017248767,0.008201291793239305,0.9499999999999998,1001.2909811037141,1001.2909811037141,0.0,0.0,4.607001808297639e-10,3.2330349427552556e-10,0.022761431814959307,0.045589284374047266,False,,0.024718760882008355,3.060128108408869e+16
diamond,0.1,0.0,outputs/stl/diamond_0.1_0.0.stl,150,6.283185307179586,30,0.2,3.9229827308326066,1.3833675945567612,3500.0,0.0008921782837563413,0.00820238708144033,0.9499999999999998,3431.9698973239974,3431.9698973239974,0.0,0.0,1.4850927881388094e-09,1.404765099153579e-09,0.07491091181834567,0.17883208222839914,False,,0.19907979968455472,3.645435297852884e+17
diamond,0.1,0.5,outputs/stl/diamond_0.1_0.5.stl,150,6.283185307179586,30,0.2,3.9219346901013448,1.3829980222988953,3500.0,0.0008924166964926074,0.00820129135778251,0.9499999999999998,20.33341728464165,20.33341728464165,0.0,0.0,6.4681068445313714e-12,5.555921400468992e-12,0.009547977305962664,0.022737556049956146,False,,0.0031629629182291412,39910830576050.4
diamond,0.1,1.0,outputs/stl/diamond_0.1_1.0.stl,150,6.283185307179586,30,0.2,3.8912125609154167,1.3721644293754365,3500.0,0.0008994625570330234,0.00816912756203741,0.9499999999999998,3121.662905909024,3121.662905909024,0.0,0.0,1.3344221232767705e-09,1.3344221232767705e-09,0.06820515844251843,0.13799526590549144,False,,0.16903906054690596,3.0275510791218157e+17
diamond,0.2,-1.0,outputs/stl/diamond_0.2_-1.0.stl,150,6.283185307179586,30,0.2,3.8397980882032785,1.354034062682209,3500.0,0.0009115062614236894,0.008115002086576248,0.9499999999999998,1203.9450809746531,1203.9450809746531,0.0,0.0,4.5507859153158107e-10,3.2325842272089567e-10,0.026084244394489017,0.058655741162471416,False,,0.036144725970994426,4.52000063135908e+16
diamond,0.2,-0.5,outputs/stl/diamond_0.2_-0.5.stl,150,6.283185307179586,30,0.2,3.8566335983798004,1.3599707952181403,3500.0,0.0009075272282724434,0.008132728091619293,0.9499999999999998,2848.113744826653,2848.113744826653,0.0,0.0,1.1978725731334495e-09,7.997837198339196e-10,0.06354999774086459,0.13231918327513947,False,,0.1428429318041359,2.5149815524898854e+17
diamond,0.2,0.0,outputs/stl/diamond_0.2_0.0.stl,150,6.283185307179586,30,0.2,3.8375511526075123,1.3532417222352806,3500.0,0.0009120399600724135,0.008112582959034616,0.9499999999999998,103.68082648252567,103.68082648252567,0.0,0.0,5.526962062602795e-11,3.271415289767907e-11,0.007977895038221036,0.02461451903846869,False,,0.0035034123170256224,395005370798894.06
diamond,0.2,0.5,outputs/stl/diamond_0.2_0.5.stl,150,6.283185307179586,30,0.2,3.8566330544015828,1.3599706033942425,3500.0,0.0009075273562791884,0.008132727518058571,0.9499999999999998,5023.092502380648,5023.092502380648,0.0,0.0,2.195015881823816e-09,2.195015881823816e-09,0.10937168298023882,0.2293824929734341,False,,0.4343466523534682,7.87823058809049e+17
diamond,0.2,1.0,outputs/stl/diamond_0.2_1.0.stl,150,6.283185307179586,30,0.2,3.839797729157011,1.3540339360711566,3500.0,0.000911506346655502,0.008115001695437194,0.9499999999999998,1090.221493913896,1090.221493913896,0.0,0.0,4.959433378274781e-10,3.7161447726090837e-10,0.02314994397103706,0.04638896189935117,False,,0.030312897417739484,3.7637099226716584e+16
diamond,0.3,-1.0,outputs/stl/diamond_0.3_-1.0.stl,150,6.283185307179586,30,0.2,3.789389567563342,1.336258426456547,3500.0,0.0009236316133763398,0.008061574970107536,0.9499999999999998,2478.037129935668,2478.037129935668,0.0,0.0,1.2704518811773224e-09,6.936314884202049e-10,0.05501129811039439,0.11081761755589564,False,,0.10942113902990026,1.9279652225748416e+17
diamond,0.3,-0.5,outputs/stl/diamond_0.3_-0.5.stl,150,6.283185307179586,30,0.2,3.7968922213880196,1.3389040991210386,3500.0,0.0009218065185744235,0.008069492028424375,0.9499999999999998,1522.414101497927,1522.414101497927,0.0,0.0,6.138845397027399e-10,4.446943870600615e-10,0.034569265315697977,0.07325931210563812,False,,0.05160331545319061,7.228652468872806e+16
diamond,0.3,0.0,outputs/stl/diamond_0.3_0.0.stl,150,6.283185307179586,30,0.2,3.7968581691370424,1.33889209122201,3500.0,0.0009218147858273797,0.008069455842911607,0.9499999999999998,2320.716197255253,2320.716197255253,0.0,0.0,9.590308306567962e-10,5.137418509200596e-10,0.050310861376441786,0.16540947124882172,False,,0.0961342605841427,1.7045922210208874e+17
diamond,0.3,0.5,outputs/stl/diamond_0.3_0.5.stl,150,6.283185307179586,30,0.2,3.7968922141087385,1.3389040965541341,3500.0,0.0009218065203416818,0.00806949202068909,0.9499999999999998,200.55257716473469,200.55257716473469,0.0,0.0,9.347905440210987e-11,8.713254787750386e-11,0.013211277929420673,0.028131108666239493,False,,0.0058224531390516105,1273147049337674.2
diamond,0.3,1.0,outputs/stl/diamond_0.3_1.0.stl,150,6.283185307179586,30,0.2,3.7893892337083988,1.336258308728751,3500.0,0.0009236316947506618,0.008061574599542185,0.9499999999999998,2248.9884912085818,2248.9884912085818,0.0,0.0,1.0190500670123678e-09,1.0190500670123678e-09,0.048050841821279465,0.09879750308605041,False,,0.09614547310787136,1.6055548297149008e+17
diamond,0.4,-1.0,outputs/stl/diamond_0.4_-1.0.stl,150,6.283185307179586,30,0.2,3.739967446404497,1.3188306258373752,3500.0,0.0009358370226898111,0.008008847747708771,0.9499999999999998,3476.7844544318773,3476.7844544318773,0.0,0.0,1.014193813104536e-09,7.420452985071165e-10,0.07613884375350304,0.2110812567376074,False,,0.2167731064943072,3.85186969410413e+17
diamond,0.4,-0.5,outputs/stl/diamond_0.4_-0.5.stl,150,6.283185307179586,30,0.2,3.7445231297963537,1.3204371036650298,3500.0,0.0009346984592375448,0.008013649086153417,0.9499999999999998,114.35537800422655,114.35537800422655,0.0,0.0,6.116899118877728e-11,3.288173440979237e-11,0.008827264355813987,0.02029756192811164,False,,0.004169053079828726,412311308144059.44
diamond,0.4,0.0,outputs/stl/diamond_0.4_0.0.stl,150,6.283185307179586,30,0.2,3.7444989619196014,1.3204285813084908,3500.0,0.0009347044920011783,0.008013623225290867,0.9499999999999998,2403.1118062740525,2403.1118062740525,0.0,0.0,9.760588427347106e-10,5.196906461435368e-10,0.05257015203778701,0.1288029647987058,False,,0.11064538692101339,1.8263510035040147e+17
diamond,0.4,0.5,outputs/stl/diamond_0.4_0.5.stl,150,6.283185307179586,30,0.2,3.744523122667151,1.320437101151048,3500.0,0.0009346984610171182,0.008013649078524815,0.9499999999999998,664.0336514994715,664.0336514994715,0.0,0.0,2.5647917651463473e-10,2.1302382779331889e-10,0.014532109503608653,0.02928132176243202,False,,0.016533695838581018,1.412507826111559e+16
diamond,0.4,1.0,outputs/stl/diamond_0.4_1.0.stl,150,6.283185307179586,30,0.2,3.739967126175729,1.3188305129145994,3500.0,0.0009358371028193754,0.00800884640670275,0.9499999999999998,988.8857251600085,988.8857251600085,0.0,0.0,3.6943688541706927e-10,3.675790042276748e-10,0.02165216272646568,0.04516410006943754,False,,0.02383127969612306,3.1220953150722516e+16
diamond,0.5,-1.0,outputs/stl/diamond_0.5_-1.0.stl,150,6.283185307179586,30,0.2,3.691514740943958,1.301744671806554,3500.0,0.0009481202827609498,0.007956824320573787,0.9499999999999998,30.505513248625324,21.96761357410164,0.0,0.0,1.592189927455676e-11,7.549586729323297e-12,0.019000902027104825,0.04551582273338794,False,,0.006678667307434984,45820942465414.14
diamond,0.5,-0.5,outputs/stl/diamond_0.5_-0.5.stl,150,6.283185307179586,30,0.2,3.694589229601974,1.3028288335964857,3500.0,0.000947331295170008,0.007960038020491729,0.9499999999999998,14.486386121489181,9.962427837969694,0.0,0.0,6.657522792878297e-12,5.078859794202161e-12,0.012234232196644138,0.03289468851590878,False,,0.0033354530748831417,9433698964465.754
diamond,0.5,0.0,outputs/stl/diamond_0.5_0.0.stl,150,6.283185307179586,30,0.2,3.6945715803153845,1.3028226099006883,3500.0,0.0009473358206531826,0.007960019007666304,0.9499999999999998,3380.289828021856,3380.289828021856,0.0,0.0,1.6071219919115624e-09,1.6071219919115624e-09,0.07490515221321721,0.17543907938121342,False,,0.21257532350889322,3.6281642275244646e+17
diamond,0.5,0.5,outputs/stl/diamond_0.5_0.5.stl,150,6.283185307179586,30,0.2,3.694589229601974,1.3028288335964857,3500.0,0.000947331295170008,0.007960038020491729,0.9499999999999998,2444.408835574828,2444.408835574828,0.0,0.0,9.146088415747533e-10,3.743706370686739e-10,0.05226903431042671,0.12430338591798598,False,,0.11761410254898465,1.9121433158478515e+17
diamond,0.5,1.0,outputs/stl/diamond_0.5_1.0.stl,150,6.283185307179586,30,0.2,3.6915144338963737,1.3017445635318792,3500.0,0.0009481203616223624,0.007956823944535302,0.9499999999999998,3788.2944736034,3788.2944736034,0.0,0.0,1.791203886095792e-09,1.2269246628568205e-09,0.08242182657294049,0.16484497190038117,False,,0.27735522383789873,4.5668507470551424e+17
diamond,0.6,-1.0,outputs/stl/diamond_0.6_-1.0.stl,150,6.283185307179586,30,0.2,3.6439984331856357,1.235824261452416,3500.0,0.0009604833987099853,0.007905474271412014,0.9499999999999998,2058.5292290469224,2058.5292290469224,0.0,0.0,1.0310332548210575e-09,8.381779418001845e-10,0.044838641011694734,0.12137191034075243,False,,0.08549665032818318,1.3587117749249229e+17
diamond,0.6,-0.5,outputs/stl/diamond_0.6_-0.5.stl,150,6.283185307179586,30,0.2,3.6460767794946793,1.2500652238302774,3500.0,0.0009599359014280207,0.007907604995719865,0.9499999999999998,6635.036595517289,6635.036595517289,0.0,0.0,2.955928975050485e-09,2.1273789296097392e-09,0.1456093874867358,0.29497033405007556,False,,0.8129053769910332,1.4118559284121577e+18
diamond,0.6,0.0,outputs/stl/diamond_0.6_0.0.stl,150,6.283185307179586,30,0.2,3.646062764620042,1.249968059090941,3500.0,0.0009599395912661248,0.007907589797987356,0.9499999999999998,2696.7295589671758,2696.7295589671758,0.0,0.0,1.082766884731186e-09,9.206846333604144e-10,0.05891944817174084,0.19448720347711337,False,,0.14089333441836877,2.334073515445036e+17
diamond,0.6,0.5,outputs/stl/diamond_0.6_0.5.stl,150,6.283185307179586,30,0.2,3.6460767794946793,1.2500652238302774,3500.0,0.0009599359014280207,0.007907604995719865,0.9499999999999998,1672.0386601735229,1672.0386601735229,0.0,0.0,7.277221321303729e-10,5.161910705268793e-10,0.0367838642713077,0.0808934678830969,False,,0.05600491541293477,8.945771979871363e+16
diamond,0.6,1.0,outputs/stl/diamond_0.6_1.0.stl,150,6.283185307179586,30,0.2,3.6439981457354036,1.2358223150323433,3500.0,0.0009604834744759885,0.00790547394475501,0.9499999999999998,1197.4733051353894,1197.4733051353894,0.0,0.0,5.841510421970421e-10,3.5563580325745414e-10,0.02605401364400762,0.06140232135427209,False,,0.03416209543165493,4.6228993578673e+16
diamond,0.7,-1.0,outputs/stl/diamond_0.7_-1.0.stl,150,6.283185307179586,30,0.2,3.59739497262266,0.9891430890433301,3500.0,0.0009729262498658426,0.007854786054134526,0.9499999999999998,4898.480177972301,4898.480177972301,0.0,0.0,1.8214621103224033e-09,1.5522149226166777e-09,0.10743369896668091,0.2788894003344108,False,,0.4538103245783069,7.770642096591345e+17
diamond,0.7,-0.5,outputs/stl/diamond_0.7_-0.5.stl,150,6.283185307179586,30,0.2,3.598902958318817,0.9953513106589501,3500.0,0.0009725185815054546,0.007856283201054281,0.9499999999999998,2732.138820444567,2732.138820444567,0.0,0.0,1.1437980317018873e-09,6.905320392266088e-10,0.060138423263599576,0.12626736664865024,False,,0.1435701015771653,2.4109760052722896e+17
diamond,0.7,0.0,outputs/stl/diamond_0.7_0.0.stl,150,6.283185307179586,30,0.2,3.5988916193712805,0.9953042683825611,3500.0,0.0009725216455980532,0.007856270824775418,0.9499999999999998,2533.4312702356865,2533.4312702356865,0.0,0.0,1.3556993479339836e-09,1.3556993479339836e-09,0.05569708244500335,0.1288698146127581,False,,0.12910586615657924,2.0736312200110365e+17
diamond,0.7,0.5,outputs/stl/diamond_0.7_0.5.stl,150,6.283185307179586,30,0.2,3.598902958318817,0.9953513106589501,3500.0,0.0009725185815054546,0.007856283201054281,0.9499999999999998,4495.8706156942935,4495.8706156942935,0.0,0.0,1.7352977218155462e-09,6.3702338036954e-10,0.09926655391499369,0.2910218363455482,False,,0.3798821694554236,6.511251064717876e+17
diamond,0.7,1.0,outputs/stl/diamond_0.7_1.0.stl,150,6.283185307179586,30,0.2,3.5973946772427463,0.9891418824117615,3500.0,0.000972926329752232,0.00785478567302169,0.9499999999999998,1012.278655998097,1012.278655998097,0.0,0.0,3.932147595980726e-10,1.377490375406133e-10,0.02293204760824354,0.05504167203273957,False,,0.027335166105160482,3.3130364104806e+16
diamond,0.8,-1.0,outputs/stl/diamond_0.8_-1.0.stl,150,6.283185307179586,30,0.2,3.5516803403277355,0.8849686394225473,3500.0,0.0009854490451347976,0.007804744321951063,0.9499999999999998,1166.9058599793411,1166.9058599793411,0.0,0.0,4.3517565716389566e-10,3.468431922372772e-10,0.02544306872286372,0.07285698279585037,False,,0.03233115733892595,4.4081234316548664e+16
diamond,0.8,-0.5,outputs/stl/diamond_0.8_-0.5.stl,150,6.283185307179586,30,0.2,3.5527136262287913,0.8837924530488915,3500.0,0.000985162433065356,0.007805705521592765,0.9499999999999998,3479.6673692574027,3479.6673692574027,0.0,0.0,1.319123423075057e-09,1.2515823594000617e-09,0.0765034982320399,0.17119814850986162,False,,0.23578060754160396,3.954343359758347e+17
diamond,0.8,0.0,outputs/stl/diamond_0.8_0.0.stl,150,6.283185307179586,30,0.2,3.5527036776174907,0.8838037873075089,3500.0,0.0009851651918088382,0.0078056945924843855,0.9499999999999998,4075.3148150897937,4075.3148150897937,0.0,0.0,1.6545833740386219e-09,1.334739280045658e-09,0.08852118600135765,0.21401865620466387,False,,0.3216736293344159,5.41807664796111e+17
diamond,0.8,0.5,outputs/stl/diamond_0.8_0.5.stl,150,6.283185307179586,30,0.2,3.5527136262287913,0.8837924530488915,3500.0,0.000985162433065356,0.007805705521592765,0.9499999999999998,2161.151257875864,2161.151257875864,0.0,0.0,7.265717374098004e-10,6.181080751437591e-10,0.04651054747714428,0.11416289076514592,False,,0.10135383321874902,1.530836237903765e+17
diamond,0.8,1.0,outputs/stl/diamond_0.8_1.0.stl,150,6.283185307179586,30,0.2,3.5516800900740364,0.884968924034859,3500.0,0.000985449114570181,0.00780474352600908,0.9499999999999998,1253.0887269271184,1253.0887269271184,0.0,0.0,5.708404246105455e-10,5.708404246105455e-10,0.028174017780581283,0.06921779165670724,False,,0.038717286311996786,5.109516438277037e+16
diamond,0.9,-1.0,outputs/stl/diamond_0.9_-1.0.stl,150,6.283185307179586,30,0.2,3.5068313757919687,0.9334866736753812,3500.0,0.000998051980531734,0.007755335684925366,0.9499999999999998,3803.784252426985,3803.784252426985,0.0,0.0,1.8297527550765293e-09,1.176750032507844e-09,0.08379033066448749,0.18121428570457404,False,,0.28891799319437633,4.726408432203056e+17
diamond,0.9,-0.5,outputs/stl/diamond_0.9_-0.5.stl,150,6.283185307179586,30,0.2,3.5075670305192244,0.932736168660742,3500.0,0.00099784265547789,0.00775595091355049,0.9499999999999998,983.8922449802891,983.8922449802891,0.0,0.0,3.189975643134481e-10,2.66924342590716e-10,0.02269394549664339,0.05767093962171956,False,,0.02888119901511624,3.0917146681389616e+16
diamond,0.9,0.0,outputs/stl/diamond_0.9_0.0.stl,150,6.283185307179586,30,0.2,3.5075590806594676,0.9327442875221273,3500.0,0.000997844917081754,0.007755942124159377,0.9499999999999998,1846.4751752895877,1846.4751752895877,0.0,0.0,8.988609358378672e-10,8.988609358378672e-10,0.0408839757892631,0.1030641147528101,False,,0.07253285262056212,1.1157596229080878e+17
diamond,0.9,0.5,outputs/stl/diamond_0.9_0.5.stl,150,6.283185307179586,30,0.2,3.5075670305192244,0.932736168660742,3500.0,0.00099784265547789,0.00775595091355049,0.9499999999999998,4649.416223970633,4649.416223970633,0.0,0.0,1.3792634866609706e-09,1.0974474286319327e-09,0.10169045307751694,0.25805327699669295,False,,0.42211993862752933,7.056838454326002e+17
diamond,0.9,1.0,outputs/stl/diamond_0.9_1.0.stl,150,6.283185307179586,30,0.2,3.5068319573070923,0.9334860810511928,3500.0,0.0009980518150312686,0.00775533718527314,0.9499999999999998,1093.7483737472567,1093.7483737472567,0.0,0.0,4.366018202446607e-10,1.635725268520781e-10,0.023873125631275288,0.0774380102416583,False,,0.029327786061950783,3.9296366879937784e+16
diamond,1.0,-1.0,outputs/stl/diamond_1.0_-1.0.stl,150,6.283185307179586,30,0.2,3.4628278063188214,0.975582868219556,3500.0,0.001010734635321268,0.007706551407265998,0.9499999999999998,60.450517021391846,60.450517021391846,0.0,0.0,1.7485628911122787e-11,1.0379751688669491e-11,0.013887781650783847,0.029550734987155512,False,,0.0042038406482018025,152405855889859.94
diamond,1.0,-0.5,outputs/stl/diamond_1.0_-0.5.stl,150,6.283185307179586,30,0.2,3.4632984886566773,0.9751596235943754,3500.0,0.0010105972706261185,0.007706852086323053,0.9499999999999998,540.606438139048,540.606438139048,0.0,0.0,1.5016673044355055e-10,6.567148842793094e-11,0.012317911436584688,0.029458456120155078,False,,0.012249633400223005,9834331836107210.0
diamond,1.0,0.0,outputs/stl/diamond_1.0_0.0.stl,150,6.283185307179586,30,0.2,3.461096887253119,0.9771348781710865,3500.0,0.0010112401108706773,0.0077044020933743455,0.9499999999999998,2895.754892608129,2895.754892608129,0.0,0.0,1.0543705800042575e-09,9.463316691944882e-10,0.063396476182204,0.17758862184832022,False,,0.18255688221487773,2.7733629336630694e+17
diamond,1.0,0.5,outputs/stl/diamond_1.0_0.5.stl,150,6.283185307179586,30,0.2,3.4632984886566773,0.9751596235943754,3500.0,0.0010105972706261185,0.007706852086323053,0.9499999999999998,337.39043547719587,337.39043547719587,0.0,0.0,1.095389975503515e-10,6.905438060216305e-11,0.012427920758726353,0.02901281246293487,False,,0.007802026974494037,3670923902790847.0
diamond,1.0,1.0,outputs/stl/diamond_1.0_1.0.stl,150,6.283185307179586,30,0.2,3.4628276034373298,0.975583050541192,3500.0,0.0010107346945385821,0.007706551153283423,0.9499999999999998,337.3305900826965,337.3305900826965,0.0,0.0,1.1243695144169435e-10,6.437705235680973e-11,0.012584013396415782,0.026030905034827072,False,,0.010956606469235844,4140159502092947.0
diamond,1.2,-1.0,outputs/stl/diamond_1.2_-1.0.stl,150,6.283185307179586,30,0.2,3.377268439300745,1.047272706788392,3500.0,0.0010363404813402,0.007610799783737628,0.9499999999999998,93.15068274076904,93.15068274076904,0.0,0.0,4.0122310644695324e-11,4.0122310644695324e-11,0.010258007891496963,0.021736781786345707,False,,0.004802944359437089,299676634028636.44
diamond,1.2,-0.5,outputs/stl/diamond_1.2_-0.5.stl,150,6.283185307179586,30,0.2,3.3774031778109284,1.047161259972474,3500.0,0.0010362991374540404,0.007610680948473496,0.9499999999999998,1943.1903635973513,1943.1903635973513,0.0,0.0,7.978659271764972e-10,4.856795514634773e-10,0.04236187951295735,0.11445989531699123,False,,0.08421786410523499,1.2628356037024158e+17
diamond,1.2,0.0,outputs/stl/diamond_1.2_0.0.stl,150,6.283185307179586,30,0.2,3.3756414661359324,1.0486201949959604,3500.0,0.0010368399710430206,0.007608695758422154,0.9499999999999998,4173.454148929851,4173.454148929851,0.0,0.0,1.8505894237880842e-09,1.2631079539868194e-09,0.09161487508190136,0.18378798370653945,False,,0.36788733142336494,5.81648697965192e+17
diamond,1.2,0.5,outputs/stl/diamond_1.2_0.5.stl,150,6.283185307179586,30,0.2,3.3774031778109284,1.047161259972474,3500.0,0.0010362991374540404,0.007610680948473496,0.9499999999999998,1068.6084754957444,1068.6084754957444,0.0,0.0,5.784418393588531e-10,2.4796692603354985e-10,0.02380977922356293,0.06019954740145248,False,,0.032332772312231625,3.775388792839533e+16
diamond,1.2,1.0,outputs/stl/diamond_1.2_1.0.stl,150,6.283185307179586,30,0.2,3.3772682194656736,1.047272888639217,3500.0,0.0010363405487982663,0.007610798985593493,0.9499999999999998,3883.6039924864845,3883.6039924864845,0.0,0.0,1.4339463114781836e-09,1.3620339472765334e-09,0.08545451542633636,0.21536439019609208,False,,0.3153300728821611,5.033455746768772e+17
diamond,1.4,-1.0,outputs/stl/diamond_1.4_-1.0.stl,150,6.283185307179586,30,0.2,3.2948409314555005,1.1275356567429218,3500.0,0.0010622667597048063,0.0075173965585070635,0.9499999999999998,3650.063119810784,3650.063119810784,0.0,0.0,1.286952454056699e-09,1.286952454056699e-09,0.0807014559204123,0.18410186015470967,False,,0.2899943198464852,4.507029948515548e+17
diamond,1.4,-0.5,outputs/stl/diamond_1.4_-0.5.stl,150,6.283185307179586,30,0.2,3.294764789407645,1.1276313367565252,3500.0,0.001062291308700447,0.007516995153539818,0.9499999999999998,1989.433711887575,1989.433711887575,0.0,0.0,5.853995708147303e-10,3.927967431448304e-10,0.045271892906773636,0.09079203439632867,False,,0.09814701011840114,1.3192992465525368e+17
diamond,1.4,0.0,outputs/stl/diamond_1.4_0.0.stl,150,6.283185307179586,30,0.2,3.2933115590571957,1.1294704590494813,3500.0,0.0010627600630053887,0.007515337200540699,0.9499999999999998,2673.706060468251,2673.706060468251,0.0,0.0,1.2725121846131726e-09,1.2179972894999164e-09,0.058723079477022,0.1494255098674436,False,,0.16024783546697116,2.412891397768498e+17
diamond,1.4,0.5,outputs/stl/diamond_1.4_0.5.stl,150,6.283185307179586,30,0.2,3.294764789407645,1.1276313367565252,3500.0,0.001062291308700447,0.007516995153539818,0.9499999999999998,1713.2051210324935,1713.2051210324935,0.0,0.0,5.984903741868533e-10,4.5417541121495213e-10,0.038160763661646245,0.0810753362723747,False,,0.06979053326371772,9.815792014390467e+16
diamond,1.4,1.0,outputs/stl/diamond_1.4_1.0.stl,150,6.283185307179586,30,0.2,3.2948410962170436,1.1275354497764511,3500.0,0.001062266706585185,0.007517397041820969,0.9499999999999998,332.7405278464364,332.7405278464364,0.0,0.0,1.0281571827668283e-10,8.476537796914012e-11,0.011515436937170427,0.02705818836580712,False,,0.009890511864175906,3626181553678488.0
diamond,1.6,-1.0,outputs/stl/diamond_1.6_-1.0.stl,150,6.283185307179586,30,0.2,3.215394664137934,1.3024659049238703,3500.0,0.0010885133445782992,0.007426258112721468,0.9499999999999998,2935.4959218706913,2935.4959218706913,0.0,0.0,1.1228274612248605e-09,5.47619891413392e-10,0.06476149517974204,0.15600560229818258,False,,0.20047309839933178,2.9519072958626144e+17
diamond,1.6,-0.5,outputs/stl/diamond_1.6_-0.5.stl,150,6.283185307179586,30,0.2,3.215183011033505,1.3028944200295,3500.0,0.0010885850006015496,0.00742565745501532,0.9499999999999998,2329.6126823502445,2329.6126823502445,0.0,0.0,8.163063162901588e-10,6.045026504147103e-10,0.05088041406694429,0.11599517559859127,False,,0.13227463884141671,1.858218107021799e+17
diamond,1.6,0.0,outputs/stl/diamond_1.6_0.0.stl,150,6.283185307179586,30,0.2,3.2139579756506094,1.3053541724733269,3500.0,0.0010889999267309916,0.007424242673997662,0.9499999999999998,684.0890381593722,684.0890381593722,0.0,0.0,2.4635612057560567e-10,2.1995259175356273e-10,0.01501764808851471,0.0323459896734748,False,,0.02246756201987934,1.6733215132362316e+16
diamond,1.6,0.5,outputs/stl/diamond_1.6_0.5.stl,150,6.283185307179586,30,0.2,3.215183011033505,1.3028944200295,3500.0,0.0010885850006015496,0.00742565745501532,0.9499999999999998,1367.2261362750764,1367.2261362750764,0.0,0.0,4.328565160175475e-10,2.524183548236102e-10,0.02928864632075009,0.09547409569006474,False,,0.04721808983757583,6.3860715566023016e+16
diamond,1.6,1.0,outputs/stl/diamond_1.6_1.0.stl,150,6.283185307179586,30,0.2,3.215395208726908,1.3024648009923332,3500.0,0.0010885131602176449,0.0074262594491086836,0.9499999999999998,1507.6592176452036,1507.6592176452036,0.0,0.0,8.219383442288533e-10,8.219383442288533e-10,0.031970885730780406,0.09537339525618514,False,,0.061378881410079564,7.79088203378434e+16
diamond,1.8,-1.0,outputs/stl/diamond_1.8_-1.0.stl,150,6.283185307179586,30,0.2,3.1387882845059725,1.404478266180287,3500.0,0.0011150799871648177,0.00733730546522874,0.9499999999999998,2561.6344704641406,2561.6344704641406,0.0,0.0,9.723020652803892e-10,4.848614037975645e-10,0.055047813880715286,0.16740573464808886,False,,0.15612993286361443,2.284919572630605e+17
diamond,1.8,-0.5,outputs/stl/diamond_1.8_-0.5.stl,150,6.283185307179586,30,0.2,3.1384870354786183,1.4047174554894308,3500.0,0.001115187018596765,0.007336555912583117,0.9499999999999998,116.0732729343362,116.0732729343362,0.0,0.0,4.206032453114949e-11,3.4266438486692225e-11,0.01153556896591111,0.03057355098876244,False,,0.006181938594437166,476978118535855.8
diamond,1.8,0.0,outputs/stl/diamond_1.8_0.0.stl,150,6.283185307179586,30,0.2,3.1384831842536087,1.404720507055681,3500.0,0.0011151883870400175,0.0073365514112523865,0.9499999999999998,852.7714534449633,852.7714534449633,0.0,0.0,3.8496987744561214e-10,3.8496987744561214e-10,0.019244530404137948,0.04263092590038211,False,,0.025812906702604523,2.544480948181915e+16
diamond,1.8,0.5,outputs/stl/diamond_1.8_0.5.stl,150,6.283185307179586,30,0.2,3.1384870354786183,1.4047174554894308,3500.0,0.001115187018596765,0.007336555912583117,0.9499999999999998,2929.9370049832282,2929.9370049832282,0.0,0.0,1.5074821237883013e-09,7.675163522537042e-10,0.06379373297102242,0.13544015226425354,False,,0.2092408794607092,2.9932970035297024e+17
diamond,1.8,1.0,outputs/stl/diamond_1.8_1.0.stl,150,6.283185307179586,30,0.2,3.1387880875398033,1.4044784228868439,3500.0,0.0011150800571386509,0.007337305055952403,0.9499999999999998,982.2090705872616,982.2090705872616,0.0,0.0,4.6017041093835704e-10,3.872180958766534e-10,0.020864429313398478,0.04969919736668068,False,,0.04049487630487879,3.380843115192063e+16
diamond,2.0,-1.0,outputs/stl/diamond_2.0_-1.0.stl,150,6.283185307179586,30,0.2,3.0648865908593215,1.3872644569152717,3500.0,0.0011419672135466138,0.007250450973317875,0.9499999999999998,1511.4459053064436,1511.4459053064436,0.0,0.0,5.750379438744456e-10,4.2015394726370826e-10,0.03314402204484628,0.06825330748728572,False,,0.06594730620498279,7.980819255628338e+16
diamond,2.0,-0.5,outputs/stl/diamond_2.0_-0.5.stl,150,6.283185307179586,30,0.2,3.064528650531308,1.3871024418194342,3500.0,0.0011421005965772885,0.007249597668602854,0.9499999999999998,1725.1924468639827,1725.1924468639827,0.0,0.0,6.348213574289445e-10,4.3051127526130753e-10,0.03826153831932134,0.10323512803580394,False,,0.08345027969596706,1.0371607444368438e+17
diamond,2.0,0.0,outputs/stl/diamond_2.0_0.0.stl,150,6.283185307179586,30,0.2,3.0645257791541014,1.3871011421434352,3500.0,0.0011421016666944479,0.007249594272267439,0.9499999999999998,3822.4834016243394,3822.4834016243394,0.0,0.0,1.0140937448339284e-09,5.954852429961036e-10,0.08338396573664546,0.19294500038397672,False,,0.35967880852822814,5.113118710392622e+17
diamond,2.0,0.5,outputs/stl/diamond_2.0_0.5.stl,150,6.283185307179586,30,0.2,3.064528650531308,1.3871024418194342,3500.0,0.0011421005965772885,0.007249597668602854,0.9499999999999998,3467.492561780138,3467.492561780138,0.0,0.0,1.3038787269976005e-09,5.278997958615808e-10,0.07646133545460713,0.23486118420705315,False,,0.28847293491116793,4.1978689226531136e+17
diamond,2.0,1.0,outputs/stl/diamond_2.0_1.0.stl,150,6.283185307179586,30,0.2,3.064886464158635,1.3872643995665404,3500.0,0.0011419672607548975,0.0072504507235402775,0.9499999999999998,2469.7575317212627,2469.7575317212627,0.0,0.0,7.840541277606773e-10,3.524396237197762e-10,0.054148261456341315,0.1263673623697907,False,,0.16311697014481408,2.137273628872528e+17
holes,0.1,-1.0,outputs/stl/holes_0.1_-1.0.stl,150,6.283185307179586,30,0.2,3.916206259915824,1.3809779969176852,3500.0,0.0008937220788966386,0.00819529971127087,0.9499999999999998,512.8727967102334,512.8727967102334,0.0,0.0,1.8245606618833434e-10,1.5844097725509915e-10,0.01630166057104257,0.04506357773887676,False,,0.009878155792472643,8120934371181465.0
holes,0.1,-0.5,outputs/stl/holes_0.1_-0.5.stl,150,6.283185307179586,30,0.2,3.916102081465883,1.3809412603063902,3500.0,0.000893745854216822,0.008195190705355177,0.9499999999999998,1485.7367728883494,1485.7367728883494,0.0,0.0,5.69941656660979e-10,3.4541736551051114e-10,0.03214525738282379,0.0823864012745498,False,,0.043498337922392015,6.860166268225257e+16
holes,0.1,0.0,outputs/stl/holes_0.1_0.0.stl,150,6.283185307179586,30,0.2,3.9150999426157354,1.3805878745013382,3500.0,0.0008939746242241773,0.008194142054898724,0.9499999999999998,292.9861962312965,292.9861962312965,0.0,0.0,1.3361429836664903e-10,1.3361429836664903e-10,0.018336822044889112,0.04056625145455664,False,,0.009873991352246033,2618748483343904.0
holes,0.1,0.5,outputs/stl/holes_0.1_0.5.stl,150,6.283185307179586,30,0.2,3.915598987130715,1.3807638533566204,3500.0,0.0008938606868331891,0.008194664278009916,0.9499999999999998,180.0962885501944,180.0962885501944,0.0,0.0,8.391558858172576e-11,5.692077757493299e-11,0.014024933644359668,0.02956561086454371,False,,0.003979580406390249,1057029017977316.2
holes,0.1,1.0,outputs/stl/holes_0.1_1.0.stl,150,6.283185307179586,30,0.2,3.9150620727753807,1.3805745203997395,3500.0,0.0008939832715139702,0.008194102424799057,0.9499999999999998,4902.930381681487,4902.930381681487,0.0,0.0,2.905289427373464e-09,2.3573615473344736e-09,0.1073027979417462,0.29379190858847404,False,,0.3992160209110013,7.438417560891305e+17
holes,0.2,-1.0,outputs/stl/holes_0.2_-1.0.stl,150,6.283185307179586,30,0.2,3.8571455701638824,1.3601513326367378,3500.0,0.0009074067691594257,0.008133267887406054,0.9499999999999998,1442.6164323504538,1442.6164323504538,0.0,0.0,4.6104975940041166e-10,2.7108537010890416e-10,0.03184965495646287,0.07295007567422096,False,,0.04075016794436331,6.444022856543389e+16
holes,0.2,-0.5,outputs/stl/holes_0.2_-0.5.stl,150,6.283185307179586,30,0.2,3.8571036199385893,1.360136539662555,3500.0,0.0009074166382016269,0.00813322365866984,0.9499999999999998,1941.4191078631281,1941.4191078631281,0.0,0.0,9.79808480186642e-10,7.269395429032832e-10,0.0429177774323016,0.16036985877063079,False,,0.07421626799347403,1.1696178527401752e+17
holes,0.2,0.0,outputs/stl/holes_0.2_0.0.stl,150,6.283185307179586,30,0.2,3.8375511526075123,1.3532417222352806,3500.0,0.0009120399600724135,0.008112582959034616,0.9499999999999998,2866.6670259973357,2866.6670259973357,0.0,0.0,1.4224292009303288e-09,1.3285759631544055e-09,0.06288355274260082,0.12919770492395413,False,,0.14789164992583637,2.578895087261558e+17
holes,0.2,0.5,outputs/stl/holes_0.2_0.5.stl,150,6.283185307179586,30,0.2,3.8570700848460753,1.3601247141299317,3500.0,0.0009074245276877501,0.008133188301958229,0.9499999999999998,80.20467564496393,80.20467564496393,0.0,0.0,3.9220492428582155e-11,3.630498753894959e-11,0.015167968325913888,0.03156316255415331,False,,0.00657991185056066,268063270693750.12
holes,0.2,1.0,outputs/stl/holes_0.2_1.0.stl,150,6.283185307179586,30,0.2,3.857040604585361,1.3601143184590485,3500.0,0.0009074314633450058,0.00813315722020907,0.9499999999999998,5149.518302068231,5149.518302068231,0.0,0.0,1.9966918538874087e-09,1.8795217874379198e-09,0.11159738629715699,0.2547143726097477,False,,0.45465923532405583,8.307287578801876e+17
holes,0.3,-1.0,outputs/stl/holes_0.3_-1.0.stl,150,6.283185307179586,30,0.2,3.7967328683680805,1.338847906214007,3500.0,0.0009218452077995093,0.008069322691063517,0.9499999999999998,3549.4383381167418,3549.4383381167418,0.0,0.0,1.6298664162868752e-09,7.020553850147059e-10,0.07902632609090743,0.19063081293509423,False,,0.22468730546928697,3.94221290538263e+17
holes,0.3,-0.5,outputs/stl/holes_0.3_-0.5.stl,150,6.283185307179586,30,0.2,3.7967200139984287,1.3388433733573406,3500.0,0.0009218483288458384,0.008069309031142198,0.9499999999999998,4005.835739335546,4005.835739335546,0.0,0.0,1.1303466544554108e-09,9.37787925590411e-10,0.08720527859307681,0.20988584703273674,False,,0.2784688104027209,5.061452286375373e+17
holes,0.3,0.0,outputs/stl/holes_0.3_0.0.stl,150,6.283185307179586,30,0.2,3.7967271108252443,1.338845875922586,3500.0,0.0009218466057307056,0.008069316572712521,0.9499999999999998,4716.210400735102,4716.210400735102,0.0,0.0,2.6892154887654974e-09,2.6892154887654974e-09,0.10337939010377332,0.22452858964924863,False,,0.38707447467648926,6.995900979560268e+17
holes,0.3,0.5,outputs/stl/holes_0.3_0.5.stl,150,6.283185307179586,30,0.2,3.7967259462164016,1.3388454652447315,3500.0,0.0009218468884982067,0.008069315335120526,0.9499999999999998,2531.8059519508715,2531.8059519508715,0.0,0.0,7.398425978732456e-10,3.9560296673179307e-10,0.05696469465333734,0.12300288505458366,False,,0.11884626997744274,1.9964176415017952e+17
holes,0.3,1.0,outputs/stl/holes_0.3_1.0.stl,150,6.283185307179586,30,0.2,3.7967154429246155,1.3388417614523644,3500.0,0.0009218494387095665,0.00806930417360488,0.9499999999999998,1775.6418700172985,1775.6418700172985,0.0,0.0,7.09965587518578e-10,7.09965587518578e-10,0.03866236689444001,0.08668283440787344,False,,0.0686127328103068,9.982180597638258e+16
holes,0.4,-1.0,outputs/stl/holes_0.4_-1.0.stl,150,6.283185307179586,30,0.2,3.7442732709110524,1.3203489955317924,3500.0,0.0009347608325469214,0.008013381720355305,0.9499999999999998,479.68326291006446,479.68326291006446,0.0,0.0,2.1273164343210211e-10,1.6454839919454588e-10,0.018046138685524453,0.036313224286408236,False,,0.012672716301334869,7350864640602761.0
holes,0.4,-0.5,outputs/stl/holes_0.4_-0.5.stl,150,6.283185307179586,30,0.2,3.744265336916355,1.3203461977547148,3500.0,0.0009347628132792737,0.008013373230301674,0.9499999999999998,648.901281384107,648.901281384107,0.0,0.0,2.544710066040952e-10,8.838835368331205e-11,0.014808316276374333,0.03310644955754547,False,,0.012087135019611246,1.3147063519493898e+16
holes,0.4,0.0,outputs/stl/holes_0.4_0.0.stl,150,6.283185307179586,30,0.2,3.7442641250775166,1.3203457704220716,3500.0,0.0009347631158171942,0.008013371933529568,0.9499999999999998,600.2806429726674,600.2806429726674,0.0,0.0,2.9018412636853434e-10,2.5439003769998983e-10,0.01266843236512429,0.025353288339268407,False,,0.011104664615332311,1.1539577075875476e+16
holes,0.4,0.5,outputs/stl/holes_0.4_0.5.stl,150,6.283185307179586,30,0.2,3.744264196362138,1.3203457955592803,3500.0,0.0009347630980208445,0.008013372009810268,0.9499999999999998,2736.0966689521933,2736.0966689521933,0.0,0.0,1.1359871611527954e-09,8.035043981286862e-10,0.059690260481388285,0.13610281289457205,False,,0.13770030632122263,2.3798725573821606e+17
holes,0.4,1.0,outputs/stl/holes_0.4_1.0.stl,150,6.283185307179586,30,0.2,3.744261394878054,1.3203448076675244,3500.0,0.000934763797417512,0.008013369011979833,0.9499999999999998,498.1317805000319,498.1317805000319,0.0,0.0,1.9301925001016795e-10,1.2828613055449135e-10,0.011182859629098443,0.0315438856665469,False,,0.009710390554698488,7725237182650332.0
holes,0.5,-1.0,outputs/stl/holes_0.5_-1.0.stl,150,6.283185307179586,30,0.2,3.694533571196524,1.30280920668509,3500.0,0.0009473455667819195,0.007959978061905721,0.9499999999999998,2275.35838848916,2275.35838848916,0.0,0.0,7.472188201935047e-10,4.94250976715558e-10,0.05034865517546215,0.13711445180705545,False,,0.09861088875302201,1.636622144828119e+17
holes,0.5,-0.5,outputs/stl/holes_0.5_-0.5.stl,150,6.283185307179586,30,0.2,3.694526556342379,1.302806733025997,3500.0,0.0009473473655214532,0.007959970505050368,0.9499999999999998,3806.9503240290624,3806.9503240290624,0.0,0.0,1.4157972221428127e-09,1.3618455139345618e-09,0.08420928786583189,0.16885568292616027,False,,0.27017919310913363,4.626777501776948e+17
holes,0.5,0.0,outputs/stl/holes_0.5_0.0.stl,150,6.283185307179586,30,0.2,3.694530888222061,1.3028082605835691,3500.0,0.0009473462547458423,0.007959975171632657,0.9499999999999998,2757.670231819545,2757.670231819545,0.0,0.0,1.0455364315141937e-09,1.0455364315141937e-09,0.06101296963553488,0.12205034689960548,False,,0.14668938354530778,2.4165695067751024e+17
holes,0.5,0.5,outputs/stl/holes_0.5_0.5.stl,150,6.283185307179586,30,0.2,3.6945276882198836,1.3028071321617483,3500.0,0.0009473470752864728,0.007959971724382632,0.9499999999999998,695.0042128248906,695.0042128248906,0.0,0.0,2.1571973941835026e-10,2.1571973941835026e-10,0.01640774831708569,0.04373320308163796,False,,0.01943901815022234,1.5166430748870866e+16
holes,0.5,1.0,outputs/stl/holes_0.5_1.0.stl,150,6.283185307179586,30,0.2,3.69451762710475,1.3028035842948327,3500.0,0.0009473496551545254,0.00795996088588672,0.9499999999999998,1121.2576604813435,1121.2576604813435,0.0,0.0,5.110329009974827e-10,4.1872191159705276e-10,0.025636864474674236,0.05935904435965559,False,,0.03273158445855182,3.947068942683643e+16
holes,0.6,-1.0,outputs/stl/holes_0.6_-1.0.stl,150,6.283185307179586,30,0.2,3.6460153502816226,1.249639451956727,3500.0,0.0009599520747299255,0.007907538381653915,0.9499999999999998,1676.3260623119693,1676.3260623119693,0.0,0.0,6.287978228483799e-10,4.4164049662643315e-10,0.036152749327292726,0.08876951208085576,False,,0.05980226953823083,9.049384211755285e+16
holes,0.6,-0.5,outputs/stl/holes_0.6_-0.5.stl,150,6.283185307179586,30,0.2,3.6460096102092225,1.2495996821959852,3500.0,0.0009599535860244636,0.007907532157069496,0.9499999999999998,1514.7901882985775,1514.7901882985775,0.0,0.0,4.5174623973767907e-10,3.9142779048438393e-10,0.03414933147595365,0.08063374543106912,False,,0.05274512722894966,7.307361098600056e+16
holes,0.6,0.0,outputs/stl/holes_0.6_0.0.stl,150,6.283185307179586,30,0.2,3.646012363798348,1.2496187599545192,3500.0,0.0009599528610357658,0.007907535143086099,0.9499999999999998,1022.281287296964,1022.281287296964,0.0,0.0,4.410635014480536e-10,4.410635014480536e-10,0.023050321557035364,0.05298786587845774,False,,0.025603304490034482,3.3278702099684344e+16
holes,0.6,0.5,outputs/stl/holes_0.6_0.5.stl,150,6.283185307179586,30,0.2,3.6460122953010687,1.2496182853758833,3500.0,0.0009599528790703072,0.007907535068807052,0.9499999999999998,1838.2252001140348,1838.2252001140348,0.0,0.0,6.934864032051097e-10,3.019860469051392e-10,0.04066773614950743,0.08803938181869309,False,,0.06798584382299554,1.0765911822825046e+17
holes,0.6,1.0,outputs/stl/holes_0.6_1.0.stl,150,6.283185307179586,30,0.2,3.6460068703226414,1.2495806999679377,3500.0,0.0009599543074065241,0.007907529185910938,0.9499999999999998,1581.6858728892962,1581.6858728892962,0.0,0.0,4.52025366999718e-10,3.790373021409375e-10,0.03495833832433254,0.08329577308665854,False,,0.05209604136523574,8.079051025393893e+16
holes,0.7,-1.0,outputs/stl/holes_0.7_-1.0.stl,150,6.283185307179586,30,0.2,3.5988762366430467,0.9952404583350949,3500.0,0.0009725258024612495,0.007856254034743802,0.9499999999999998,3434.796229725606,3434.796229725606,0.0,0.0,1.4647398622669073e-09,4.2839403285626843e-10,0.07536610576068116,0.18451907188460506,False,,0.22351869231326668,3.823108330905477e+17
holes,0.7,-0.5,outputs/stl/holes_0.7_-0.5.stl,150,6.283185307179586,30,0.2,3.598872192815576,0.9952236855653815,3500.0,0.0009725268952276344,0.007856249620957009,0.9499999999999998,17.438851883636847,3.4811890438742674,0.0,0.0,6.311771120392951e-12,9.352278857178644e-13,0.011042133009970513,0.02592926392943506,False,,0.00501335051500106,15660568100875.09
holes,0.7,0.0,outputs/stl/holes_0.7_0.0.stl,150,6.283185307179586,30,0.2,3.5988749872205417,0.9952352759730234,3500.0,0.0009725261400933228,0.007856252671015125,0.9499999999999998,451.8832213418055,451.8832213418055,0.0,0.0,1.3775314765189047e-10,1.2527727749179026e-10,0.01599449160135325,0.03200536575568197,False,,0.012834143114413329,6572116026997908.0
holes,0.7,0.5,outputs/stl/holes_0.7_0.5.stl,150,6.283185307179586,30,0.2,3.5988686326408863,0.9952089194439935,3500.0,0.0009725278572982155,0.007856245735069085,0.9499999999999998,1772.3222786927056,1772.3222786927056,0.0,0.0,7.244438646500219e-10,3.8492350822007056e-10,0.03793590172318402,0.07701121313265889,False,,0.06796429662930485,1.0287577590162978e+17
holes,0.7,1.0,outputs/stl/holes_0.7_1.0.stl,150,6.283185307179586,30,0.2,3.598863567797696,0.9951879135193837,3500.0,0.0009725292259805794,0.007856240206850253,0.9499999999999998,619.5622651584974,619.5622651584974,0.0,0.0,3.01416384439263e-10,3.01416384439263e-10,0.015545909103828257,0.041296825146475355,False,,0.014037994532107072,1.2378007282962466e+16
holes,0.8,-1.0,outputs/stl/holes_0.8_-1.0.stl,150,6.283185307179586,30,0.2,3.5526869166079287,0.8838228823720726,3500.0,0.0009851698396608972,0.007805676179539218,0.9499999999999998,234.05146783058214,234.05146783058214,0.0,0.0,1.1683522441793765e-10,7.489771498232873e-11,0.00897202388262775,0.025177576518320817,False,,0.006426954945227517,1786874932819292.5
holes,0.8,-0.5,outputs/stl/holes_0.8_-0.5.stl,150,6.283185307179586,30,0.2,3.5526828449654935,0.8838275209304151,3500.0,0.0009851709687398215,0.007805671706596313,0.9499999999999998,919.0956496106779,919.0956496106779,0.0,0.0,3.427302055861869e-10,2.1507774964990212e-10,0.02027002647781985,0.04209076875970136,False,,0.023181686438611328,2.7105162717413976e+16
holes,0.8,0.0,outputs/stl/holes_0.8_0.0.stl,150,6.283185307179586,30,0.2,3.5526857702224572,0.8838241883779376,3500.0,0.0009851701575568396,0.007805674920166427,0.9499999999999998,3676.276214399683,3676.276214399683,0.0,0.0,1.3207822561191866e-09,4.388258157773876e-10,0.07923195345153856,0.1937376357447364,False,,0.2640438044733103,4.430720867167776e+17
holes,0.8,0.5,outputs/stl/holes_0.8_0.5.stl,150,6.283185307179586,30,0.2,3.5526818039965433,0.8838287068338014,3500.0,0.0009851712574041164,0.007805670563029206,0.9499999999999998,3597.1443781351645,3597.1443781351645,0.0,0.0,1.2332583886479902e-09,8.13798416088131e-10,0.07904498877854083,0.18138827776516345,False,,0.2581538989716004,4.2002035731546496e+17
holes,0.8,1.0,outputs/stl/holes_0.8_1.0.stl,150,6.283185307179586,30,0.2,3.5526772184678874,0.8838339307824851,3500.0,0.0009851725289891085,0.007805665525547727,0.9499999999999998,1952.1098481014221,1952.1098481014221,0.0,0.0,7.478370341493938e-10,6.831213396363437e-10,0.04358119522969904,0.12317840165554886,False,,0.08103422615212783,1.2315703012714387e+17
holes,0.9,-1.0,outputs/stl/holes_0.9_-1.0.stl,150,6.283185307179586,30,0.2,3.5075524751867975,0.9327510332752267,3500.0,0.0009978467962374832,0.007755934821119474,0.9499999999999998,3035.085124200181,3035.085124200181,0.0,0.0,8.992717977058101e-10,6.524451999977314e-10,0.066429496794051,0.15851610742944935,False,,0.1887975270723424,2.99874428167367e+17
holes,0.9,-0.5,outputs/stl/holes_0.9_-0.5.stl,150,6.283185307179586,30,0.2,3.5075490625820036,0.9327545183031543,3500.0,0.000997847767074013,0.007755931048125771,0.9499999999999998,4454.623892618923,4454.623892618923,0.0,0.0,2.1351713067606755e-09,1.7322053559897516e-09,0.09799293744982755,0.22533546924221765,False,,0.3936520562624207,6.501221331486692e+17
holes,0.9,0.0,outputs/stl/holes_0.9_0.0.stl,150,6.283185307179586,30,0.2,3.5075509627817856,0.9327525777811013,3500.0,0.0009978472264945233,0.007755933148996813,0.9499999999999998,3727.3494363261543,3727.3494363261543,0.0,0.0,1.3225507029242664e-09,1.1246024215008132e-09,0.08029401814624365,0.1970960061395926,False,,0.2798241412415654,4.551787944743493e+17
holes,0.9,0.5,outputs/stl/holes_0.9_0.5.stl,150,6.283185307179586,30,0.2,3.507543982463639,0.932759706169483,3500.0,0.0009978492122974492,0.00775592543151695,0.9499999999999998,507.2836022188868,507.2836022188868,0.0,0.0,2.2540683472871137e-10,9.990028417934111e-11,0.018279618350207163,0.04039226233784706,False,,0.012913088747817662,8720106454755556.0
holes,0.9,1.0,outputs/stl/holes_0.9_1.0.stl,150,6.283185307179586,30,0.2,3.507541267901097,0.9327624782760087,3500.0,0.0009978499845546764,0.007755922430278928,0.9499999999999998,151.21274413263475,151.21274413263475,0.0,0.0,5.187760003620796e-11,3.7068150210621244e-11,0.011459770335791031,0.027244777493820878,False,,0.005540904728721911,825878060655000.4
holes,1.0,-1.0,outputs/stl/holes_1.0_-1.0.stl,150,6.283185307179586,30,0.2,3.4632833963178062,0.9751732029581472,3500.0,0.0010106016746193023,0.007706835293870652,0.9499999999999998,1455.610048270542,1455.610048270542,0.0,0.0,4.646405422293461e-10,2.543856985195291e-10,0.03178693141464883,0.08806135846454648,False,,0.055484852912939066,6.979288907786673e+16
holes,1.0,-0.5,outputs/stl/holes_1.0_-0.5.stl,150,6.283185307179586,30,0.2,3.463280656878641,0.9751756677166429,3500.0,0.0010106024740006065,0.007706832245836721,0.9499999999999998,2818.424129536487,2818.424129536487,0.0,0.0,1.056810891395479e-09,6.289295009131602e-10,0.0620038211682588,0.14157078625859632,False,,0.15981604787461226,2.621274455493195e+17
holes,1.0,0.0,outputs/stl/holes_1.0_0.0.stl,150,6.283185307179586,30,0.2,3.461096887253119,0.9771348781710865,3500.0,0.0010112401108706773,0.0077044020933743455,0.9499999999999998,2101.757238641295,2101.757238641295,0.0,0.0,7.138683073052012e-10,5.536712558392594e-10,0.04563481245274034,0.11454365730117619,False,,0.09304306626404064,1.4506225640459286e+17
holes,1.0,0.5,outputs/stl/holes_1.0_0.5.stl,150,6.283185307179586,30,0.2,3.4632770550283873,0.9751789083862125,3500.0,0.0010106035250394693,0.00770682823824022,0.9499999999999998,545.0143219864264,545.0143219864264,0.0,0.0,2.3971966939107586e-10,1.899483934659728e-10,0.012409069231929575,0.041889063813260706,False,,0.010170228408860216,9707214664351574.0
holes,1.0,1.0,outputs/stl/holes_1.0_1.0.stl,150,6.283185307179586,30,0.2,3.461096887253119,0.9771348781710865,3500.0,0.0010112401108706773,0.0077044020933743455,0.9499999999999998,690.0149016627207,690.0149016627207,0.0,0.0,2.6673592146700567e-10,2.1895328862811349e-10,0.017717239875177686,0.039105117874345,False,,0.01751897329414181,1.5390024540633344e+16
holes,1.2,-1.0,outputs/stl/holes_1.2_-1.0.stl,150,6.283185307179586,30,0.2,3.3773936510741405,1.047169139149503,3500.0,0.0010363020605806096,0.007610670214634286,0.9499999999999998,1105.4292916163424,1105.4292916163424,0.0,0.0,8.287918498317977e-10,8.059895160172455e-10,0.025002378732546297,0.0512358196943168,False,,0.04079420968009783,4.053945291606563e+16
holes,1.2,-0.5,outputs/stl/holes_1.2_-0.5.stl,150,6.283185307179586,30,0.2,3.3773912571825155,1.0471711190570197,3500.0,0.001036302795110498,0.007610667517417915,0.9499999999999998,2350.5953040262884,2350.5953040262884,0.0,0.0,8.837137821926047e-10,5.387035399740642e-10,0.051027801812578114,0.11119277307406492,False,,0.12597447346269874,1.847974576625858e+17
holes,1.2,0.0,outputs/stl/holes_1.2_0.0.stl,150,6.283185307179586,30,0.2,3.3756414661359324,1.0486201949959604,3500.0,0.0010368399710430206,0.007608695758422154,0.9499999999999998,855.355967278954,855.355967278954,0.0,0.0,4.341563801294489e-10,2.755104800964661e-10,0.018569182352179612,0.043931366664780556,False,,0.02275179943170543,2.4911610709557984e+16
holes,1.2,0.5,outputs/stl/holes_1.2_0.5.stl,150,6.283185307179586,30,0.2,3.3773875930676107,1.0471741495368527,3500.0,0.001036303919391444,0.007610663389029207,0.9499999999999998,4291.580719025113,4291.580719025113,0.0,0.0,1.8953223900674877e-09,1.247486425627622e-09,0.09352064280043024,0.20750467300751907,False,,0.3913256544773811,6.128196349620837e+17
holes,1.2,1.0,outputs/stl/holes_1.2_1.0.stl,150,6.283185307179586,30,0.2,3.3756414661359324,1.0486201949959604,3500.0,0.0010368399710430206,0.007608695758422154,0.9499999999999998,1418.1197046505083,1418.1197046505083,0.0,0.0,8.496540851754731e-10,8.496540851754731e-10,0.030693563359130007,0.07514166285363394,False,,0.047790666723134624,6.6860537785120136e+16
holes,1.4,-1.0,outputs/stl/holes_1.4_-1.0.stl,150,6.283185307179586,30,0.2,3.2947575166267953,1.127640479235323,3500.0,0.0010622936535807145,0.0075169868571223096,0.9499999999999998,82.91311811025692,82.91311811025692,0.0,0.0,2.4726856392939997e-11,1.1593898657976241e-11,0.010629162328518085,0.02237336146294688,False,,0.004712658404382923,237935675830975.38
holes,1.4,-0.5,outputs/stl/holes_1.4_-0.5.stl,150,6.283185307179586,30,0.2,3.294756127975585,1.1276422249528126,3500.0,0.001062294101308956,0.007516985273018784,0.9499999999999998,115.11898168580268,115.11898168580268,0.0,0.0,3.832440370822291e-11,1.885351709887306e-11,0.01433825968207252,0.030509272301096922,False,,0.00914003835964775,536833787118094.25
holes,1.4,0.0,outputs/stl/holes_1.4_0.0.stl,150,6.283185307179586,30,0.2,3.2933115590571957,1.1294704590494813,3500.0,0.0010627600630053887,0.007515337200540699,0.9499999999999998,320.68029991852217,320.68029991852217,0.0,0.0,1.4143702980836997e-10,1.4143702980836997e-10,0.01425313493299522,0.03325306122397593,False,,0.009909917050842343,3615619398321090.0
holes,1.4,0.5,outputs/stl/holes_1.4_0.5.stl,150,6.283185307179586,30,0.2,3.2947526681196075,1.1276465745446542,3500.0,0.0010622952168356638,0.00751698132618748,0.9499999999999998,908.6810982007835,908.6810982007835,0.0,0.0,4.969605783964159e-10,1.1212331959070386e-10,0.02001191432276863,0.043406522110848764,False,,0.027975227766037888,2.8331070324034836e+16
holes,1.4,1.0,outputs/stl/holes_1.4_1.0.stl,150,6.283185307179586,30,0.2,3.2933115590571957,1.1294704590494813,3500.0,0.0010627600630053887,0.007515337200540699,0.9499999999999998,1655.2856508123652,1655.2856508123652,0.0,0.0,6.874732216857124e-10,4.603963083187049e-10,0.0366154798976602,0.11176876282574848,False,,0.06389069594006637,9.189317817428157e+16
holes,1.6,-1.0,outputs/stl/holes_1.6_-1.0.stl,150,6.283185307179586,30,0.2,3.2139579756506094,1.3053541724733269,3500.0,0.0010889999267309916,0.007424242673997662,0.9499999999999998,1844.6096204272808,1844.6096204272808,0.0,0.0,7.017270812469824e-10,4.2512990668370665e-10,0.041092780801991004,0.09831106951199893,False,,0.08472732229196935,1.1589560875002318e+17
holes,1.6,-0.5,outputs/stl/holes_1.6_-0.5.stl,150,6.283185307179586,30,0.2,3.2151751379774898,1.3029103397127835,3500.0,0.0010885876662388226,0.007425648363362888,0.9499999999999998,1837.1578269708027,1837.1578269708027,0.0,0.0,5.670022251253652e-10,4.162162223692493e-10,0.040396255363833615,0.08188634688137589,False,,0.0891091755241761,1.1602772397648798e+17
holes,1.6,0.0,outputs/stl/holes_1.6_0.0.stl,150,6.283185307179586,30,0.2,3.2139579756506094,1.3053541724733269,3500.0,0.0010889999267309916,0.007424242673997662,0.9499999999999998,667.4586601992496,667.4586601992496,0.0,0.0,2.0977407350183213e-10,1.0171776297395748e-10,0.01651988979690738,0.0406723561971249,False,,0.020909692294089004,1.5329944144043376e+16
holes,1.6,0.5,outputs/stl/holes_1.6_0.5.stl,150,6.283185307179586,30,0.2,3.2151729598460626,1.3029147437397148,3500.0,0.0010885884037067713,0.007425645848096984,0.9499999999999998,3671.155534286871,3671.155534286871,0.0,0.0,1.8127738760369928e-09,7.215761984598553e-10,0.0813286394084253,0.18880885035540657,False,,0.3063036615921937,4.5903127724097965e+17
holes,1.6,1.0,outputs/stl/holes_1.6_1.0.stl,150,6.283185307179586,30,0.2,3.2139579756506094,1.3053541724733269,3500.0,0.0010889999267309916,0.007424242673997662,0.9499999999999998,3004.843290868531,3004.843290868531,0.0,0.0,1.030733081624493e-09,8.797914902405684e-10,0.06550583775985985,0.15640830905005748,False,,0.2090942079650232,3.1027380378210054e+17
holes,1.8,-1.0,outputs/stl/holes_1.8_-1.0.stl,150,6.283185307179586,30,0.2,3.1384827903787227,1.404720819138446,3500.0,0.0011151885269944884,0.007336550950889326,0.9499999999999998,98.01795862314465,98.01795862314465,0.0,0.0,2.982831014487324e-11,1.9733883172754327e-11,0.012821321899747945,0.026659462692259942,False,,0.00770506510820417,443312895286324.5
holes,1.8,-0.5,outputs/stl/holes_1.8_-0.5.stl,150,6.283185307179586,30,0.2,3.1384813461714445,1.4047219634272508,3500.0,0.0011151890401609567,0.007336549262891941,0.9499999999999998,3653.3281216907435,3653.3281216907435,0.0,0.0,1.2701503614901501e-09,9.772125230135135e-10,0.0800102733357243,0.160822652999572,False,,0.3122053910235202,4.6353677622808006e+17
holes,1.8,0.0,outputs/stl/holes_1.8_0.0.stl,150,6.283185307179586,30,0.2,3.13848165251836,1.4047217207012483,3500.0,0.0011151889313074535,0.007336549620951929,0.9499999999999998,4789.476481950148,4789.476481950148,0.0,0.0,2.42988992360989e-09,1.3808452247032371e-09,0.10435230941523271,0.2454262531724556,False,,0.537318208986334,7.937470093101459e+17
holes,1.8,0.5,outputs/stl/holes_1.8_0.5.stl,150,6.283185307179586,30,0.2,3.1384786546969026,1.4047240959039813,3500.0,0.0011151899965169626,0.0073365461170807,0.9499999999999998,1010.9079714582267,1010.9079714582267,0.0,0.0,3.8666412977110633e-10,3.857436569614593e-10,0.022311766116239553,0.05330634209746223,False,,0.03610451080476576,3.5811663183938164e+16
holes,1.8,1.0,outputs/stl/holes_1.8_1.0.stl,150,6.283185307179586,30,0.2,3.1384775168387877,1.4047249974147868,3500.0,0.0011151904008301942,0.00733654478714505,0.9499999999999998,3245.025805070963,3245.025805070963,0.0,0.0,1.1202291914984984e-09,6.312445203591903e-10,0.07116371301258126,0.18818834522535335,False,,0.24917301055214028,3.645591271515379e+17
holes,2.0,-1.0,outputs/stl/holes_2.0_-1.0.stl,150,6.283185307179586,30,0.2,3.0645254835713818,1.3871010083533624,3500.0,0.0011421017768535957,0.007249593922644854,0.9499999999999998,2837.230286714207,2837.230286714207,0.0,0.0,1.1581277765079142e-09,8.522330147743043e-10,0.06137994609675831,0.15324035112949136,False,,0.1972677522410967,2.8349954036004963e+17
holes,2.0,-0.5,outputs/stl/holes_2.0_-0.5.stl,150,6.283185307179586,30,0.2,3.064524174562713,1.3871004158547018,3500.0,0.0011421022647013141,0.007249592374316678,0.9499999999999998,922.9848267413453,922.9848267413453,0.0,0.0,3.492010051459895e-10,3.492010051459895e-10,0.02031578821524182,0.04763622536685539,False,,0.033318348680837474,3.031950097721315e+16
holes,2.0,0.0,outputs/stl/holes_2.0_0.0.stl,150,6.283185307179586,30,0.2,3.064524385693087,1.387100511418976,3500.0,0.0011421021860161913,0.007249592624046984,0.9499999999999998,2384.0436175808004,2384.0436175808004,0.0,0.0,8.412795201141214e-10,6.262089728913605e-10,0.05240464493298861,0.1326137027918452,False,,0.14676025872023218,2.002773924234437e+17
holes,2.0,0.5,outputs/stl/holes_2.0_0.5.stl,150,6.283185307179586,30,0.2,3.0645223588423995,1.3870995940023494,3500.0,0.0011421029413934832,0.007249590226636755,0.9499999999999998,1879.7419609956532,1879.7419609956532,0.0,0.0,8.430974865470052e-10,7.963900001107689e-10,0.04070096638839688,0.09448650470178772,False,,0.09810639617482952,1.2484079781254131e+17
holes,2.0,1.0,outputs/stl/holes_2.0_1.0.stl,150,6.283185307179586,30,0.2,3.064521303191796,1.38709911618155,3500.0,0.001142103334819255,0.00724958897798622,0.9499999999999998,3510.794930460938,3510.794930460938,0.0,0.0,1.0506267211167927e-09,5.135455932562591e-10,0.07584330228170057,0.16928757207928946,False,,0.3066428845329919,4.35037667009522e+17
schwarz_p,0.1,-1.0,outputs/stl/schwarz_p_0.1_-1.0.stl,150,6.283185307179586,30,0.2,3.8971891100928757,1.3742719493485402,3500.0,0.000898083182808799,0.008175377253564074,0.9499999999999998,1903.8175251665734,1903.8175251665734,0.0,0.0,6.681539870016325e-10,2.0561421849467305e-10,0.04199225513244999,0.10672723363259252,False,,0.06885539424624879,1.1250805752121987e+17
schwarz_p,0.1,-0.5,outputs/stl/schwarz_p_0.1_-0.5.stl,150,6.283185307179586,30,0.2,3.916257940366897,1.380996221076748,3500.0,0.0008937102849951962,0.008195353785974848,0.9499999999999998,1679.2997590631328,1679.2997590631328,0.0,0.0,6.445014067483618e-10,3.269711480138917e-10,0.036766136018272055,0.08081998023759002,False,,0.05293546251380744,8.775920996923141e+16
schwarz_p,0.1,0.0,outputs/stl/schwarz_p_0.1_0.0.stl,150,6.283185307179586,30,0.2,3.9185147076343547,1.3817920284815886,3500.0,0.0008931955756554972,0.00819771475692642,0.9499999999999998,866.2285058399503,866.2285058399503,0.0,0.0,3.199525014475514e-10,2.2572591398916415e-10,0.01902171639827945,0.038044650205886835,False,,0.01906601496852234,2.320466922773419e+16
schwarz_p,0.1,0.5,outputs/stl/schwarz_p_0.1_0.5.stl,150,6.283185307179586,30,0.2,3.91733522848883,1.3813761068881665,3500.0,0.000893464509890867,0.00819648090149568,0.9499999999999998,649.212684051302,649.212684051302,0.0,0.0,2.0127444860080894e-10,1.8398530057429455e-10,0.014813138734325056,0.044619880816180915,False,,0.013167805886024822,1.3008881064899462e+16
schwarz_p,0.1,1.0,outputs/stl/schwarz_p_0.1_1.0.stl,150,6.283185307179586,30,0.2,3.9280735824992554,1.3851627896181584,3500.0,0.0008910220051868551,0.00820770747163069,0.9499999999999998,2208.040856699141,2208.040856699141,0.0,0.0,9.884252163577332e-10,7.321295030785856e-10,0.047896662431957907,0.10265614494170182,False,,0.09180711441359975,1.5116429279858896e+17
schwarz_p,0.2,-1.0,outputs/stl/schwarz_p_0.2_-1.0.stl,150,6.283185307179586,30,0.2,3.8386649520649865,1.3536344830966005,3500.0,0.0009117753291068543,0.008113760159624792,0.9499999999999998,1997.2460645104575,1997.2460645104575,0.0,0.0,8.685508900191717e-10,8.685508900191717e-10,0.044734474771579616,0.09881013326420145,False,,0.07122333599828924,1.2426708652693856e+17
schwarz_p,0.2,-0.5,outputs/stl/schwarz_p_0.2_-0.5.stl,150,6.283185307179586,30,0.2,3.8570969792176895,1.360134197934659,3500.0,0.0009074182004907439,0.008133216657238597,0.9499999999999998,1136.979101373585,1136.979101373585,0.0,0.0,4.4446793388903333e-10,1.3864205383022597e-10,0.025643760842335116,0.05135690930945277,False,,0.027911782731995023,3.953576688876028e+16
schwarz_p,0.2,0.0,outputs/stl/schwarz_p_0.2_0.0.stl,150,6.283185307179586,30,0.2,3.8576768697104544,1.360338685634739,3500.0,0.000907281796326995,0.008133828023479122,0.9499999999999998,2284.882701523722,2284.882701523722,0.0,0.0,1.1354864327831815e-09,6.781064872010377e-10,0.050473874504045106,0.10298702881073825,False,,0.09608060900348875,1.6306195192019965e+17
schwarz_p,0.2,0.5,outputs/stl/schwarz_p_0.2_0.5.stl,150,6.283185307179586,30,0.2,3.85724346662246,1.3601858540194989,3500.0,0.000907383739265161,0.008133371100138932,0.9499999999999998,130.1819188563364,130.1819188563364,0.0,0.0,5.6498594862409693e-11,1.879704347142138e-11,0.018098564966876694,0.03619741951195117,False,,0.006997989877590242,563889311187614.9
schwarz_p,0.2,1.0,outputs/stl/schwarz_p_0.2_1.0.stl,150,6.283185307179586,30,0.2,3.8898692400436565,1.3716907320153948,3500.0,0.0008997731759129052,0.008167695970513882,0.9499999999999998,318.06245829415855,318.06245829415855,0.0,0.0,1.3150978018875786e-10,1.0849607821119332e-10,0.014401108898513348,0.037360137568738294,False,,0.00809487110169044,3213309227037812.5
schwarz_p,0.3,-1.0,outputs/stl/schwarz_p_0.3_-1.0.stl,150,6.283185307179586,30,0.2,3.787947072882018,1.3357497572794483,3500.0,0.0009239833431297295,0.008059980911883514,0.9499999999999998,1824.032038932523,1824.032038932523,0.0,0.0,7.715172449051225e-10,5.912440704415178e-10,0.040109347066794324,0.09847546174095792,False,,0.06834013501673813,1.0518781798303589e+17
schwarz_p,0.3,-0.5,outputs/stl/schwarz_p_0.3_-0.5.stl,150,6.283185307179586,30,0.2,3.796701613292966,1.3388368846875196,3500.0,0.0009218527965816018,0.00806928947726963,0.9499999999999998,2707.7979095526853,2707.7979095526853,0.0,0.0,8.568931268403726e-10,4.831859915402586e-10,0.06148247209137725,0.14378949214322578,False,,0.13336057098694376,2.2848693602414563e+17
schwarz_p,0.3,0.0,outputs/stl/schwarz_p_0.3_0.0.stl,150,6.283185307179586,30,0.2,3.796799383131115,1.3388713614199197,3500.0,0.0009218290583248164,0.008069393373773433,0.9499999999999998,314.4401318841441,314.4401318841441,0.0,0.0,9.62336967590528e-11,6.320740046749359e-11,0.014406084288458252,0.030876328363364222,False,,0.008175102478946381,3203389056258559.0
schwarz_p,0.3,0.5,outputs/stl/schwarz_p_0.3_0.5.stl,150,6.283185307179586,30,0.2,3.7967165347408587,1.3388421464612503,3500.0,0.0009218491736146662,0.008069305333844154,0.9499999999999998,1507.1164969595486,1507.1164969595486,0.0,0.0,5.69490273617377e-10,3.0532286073385076e-10,0.032781210230608857,0.06584046855940277,False,,0.04331396650552056,7.1545554976045016e+16
schwarz_p,0.3,1.0,outputs/stl/schwarz_p_0.3_1.0.stl,150,6.283185307179586,30,0.2,3.8248770585138314,1.3487724364232982,3500.0,0.0009150620912662581,0.008099175362560824,0.9499999999999998,242.19606704154043,242.19606704154043,0.0,0.0,1.0783301322591208e-10,9.99062438763217e-11,0.009988439420523208,0.02774408852770894,False,,0.005666327659770581,1845874397407702.5
schwarz_p,0.4,-1.0,outputs/stl/schwarz_p_0.4_-1.0.stl,150,6.283185307179586,30,0.2,3.738352593209911,1.3182611776056,3500.0,0.000936241275463733,0.00800704358509119,0.9499999999999998,1142.118326276306,1142.118326276306,0.0,0.0,3.6855790826447366e-10,3.6855790826447366e-10,0.025845801580873195,0.06580168157872363,False,,0.030113059821363745,4.099222113607111e+16
schwarz_p,0.4,-0.5,outputs/stl/schwarz_p_0.4_-0.5.stl,150,6.283185307179586,30,0.2,3.7442537531868156,1.3203421129658772,3500.0,0.0009347657051878693,0.00801336083470312,0.9499999999999998,1043.3282195902832,1043.3282195902832,0.0,0.0,3.2179624930941556e-10,2.3097196649603358e-10,0.023368696891087264,0.06168485908875543,False,,0.026865291567958242,3.4491127601283804e+16
schwarz_p,0.4,0.0,outputs/stl/schwarz_p_0.4_0.0.stl,150,6.283185307179586,30,0.2,3.7443448989876065,1.3203742538535244,3500.0,0.0009347429508820963,0.00801345836812281,0.9499999999999998,291.86337660773364,291.86337660773364,0.0,0.0,1.0428649320738157e-10,6.333192060120857e-11,0.010422294452190674,0.025645479514301763,False,,0.006935839923784645,2741633305761499.5
schwarz_p,0.4,0.5,outputs/stl/schwarz_p_0.4_0.5.stl,150,6.283185307179586,30,0.2,3.744271153750971,1.3203482489542901,3500.0,0.0009347613610979368,0.008013379454813627,0.9499999999999998,119.4851435439847,119.4851435439847,0.0,0.0,5.1980923382613065e-11,2.975836779866217e-11,0.01224914080536742,0.026519295860807795,False,,0.005753664355326782,423112858649571.75
schwarz_p,0.4,1.0,outputs/stl/schwarz_p_0.4_1.0.stl,150,6.283185307179586,30,0.2,3.7767802568088027,1.3318119852957355,3500.0,0.0009267152870994226,0.008048091786521262,0.9499999999999998,261.15134263702976,261.15134263702976,0.0,0.0,1.026665580705682e-10,1.026665580705682e-10,0.013397431721305227,0.028096421137059336,False,,0.006584702813864014,2071555966356191.2
schwarz_p,0.5,-1.0,outputs/stl/schwarz_p_0.5_-1.0.stl,150,6.283185307179586,30,0.2,3.6898785817365134,1.301167710401823,3500.0,0.0009485406965214683,0.007954961827487372,0.9499999999999998,21.47789046164235,20.36375945621693,0.0,0.0,6.914176068778492e-12,4.1624395670170935e-12,0.010419433228624448,0.025864284777625965,False,,0.004151580593990136,44125779242890.87
schwarz_p,0.5,-0.5,outputs/stl/schwarz_p_0.5_-0.5.stl,150,6.283185307179586,30,0.2,3.694517179945031,1.302803426612195,3500.0,0.0009473497698154092,0.007959960404176474,0.9499999999999998,711.3018484576155,711.3018484576155,0.0,0.0,2.8694694437677293e-10,2.4534302431919265e-10,0.016041991257534,0.044861761718888817,False,,0.016268709818862543,1.6319960141531544e+16
schwarz_p,0.5,0.0,outputs/stl/schwarz_p_0.5_0.0.stl,150,6.283185307179586,30,0.2,3.694557061321703,1.3028174900450216,3500.0,0.0009473395435251171,0.007960003366938183,0.9499999999999998,3891.4641387862143,3891.4641387862143,0.0,0.0,1.3627465010633322e-09,5.944237597176724e-10,0.08550966133691121,0.17520847457798802,False,,0.2739781092039018,4.8264515067797e+17
schwarz_p,0.5,0.5,outputs/stl/schwarz_p_0.5_0.5.stl,150,6.283185307179586,30,0.2,3.6945232166080832,1.3028055553302187,3500.0,0.0009473482218940625,0.007959966907269692,0.9499999999999998,2222.626006803536,2222.626006803536,0.0,0.0,8.877547490704153e-10,6.565337205915786e-10,0.04912345766364564,0.10823273411801837,False,,0.09680374115663844,1.5844861445390538e+17
schwarz_p,0.5,1.0,outputs/stl/schwarz_p_0.5_1.0.stl,150,6.283185307179586,30,0.2,3.7242421638505716,1.3132853946209908,3500.0,0.0009397885115991699,0.007991917986943892,0.9499999999999998,4972.302472830974,4972.302472830974,0.0,0.0,2.372113751389188e-09,1.6913431650088457e-09,0.10811337117159442,0.23770087992956426,False,,0.44068068986478054,7.891988677862925e+17
schwarz_p,0.6,-1.0,outputs/stl/schwarz_p_0.6_-1.0.stl,150,6.283185307179586,30,0.2,3.6423424904422483,1.2247160877366958,3500.0,0.0009609200697584686,0.007903554498520558,0.9499999999999998,1907.3199458981237,1907.3199458981237,0.0,0.0,9.793250694714292e-10,9.793250694714292e-10,0.04290130384727836,0.09888511822750005,False,,0.07357955974289447,1.1574127022419232e+17
schwarz_p,0.6,-0.5,outputs/stl/schwarz_p_0.6_-0.5.stl,150,6.283185307179586,30,0.2,3.646001856338196,1.2495459640823405,3500.0,0.0009599556275363967,0.00790752374869656,0.9499999999999998,3763.4539032742414,3763.4539032742414,0.0,0.0,1.2759180781415026e-09,9.780713516088795e-10,0.08247679880642556,0.18269465507572136,False,,0.2637041559074096,4.5363803115954726e+17
schwarz_p,0.6,0.0,outputs/stl/schwarz_p_0.6_0.0.stl,150,6.283185307179586,30,0.2,3.6460425027887218,1.2498276118376281,3500.0,0.0009599449258539858,0.00790756782600229,0.9499999999999998,366.2454822671875,366.2454822671875,0.0,0.0,1.701683347916416e-10,1.701683347916416e-10,0.010509617427925184,0.02595351534259981,False,,0.005849154841694053,4538293746773192.0
schwarz_p,0.6,0.5,outputs/stl/schwarz_p_0.6_0.5.stl,150,6.283185307179586,30,0.2,3.6460081580689496,1.2495896215385518,3500.0,0.0009599539683569219,0.007907530582355183,0.9499999999999998,434.3335852298972,434.3335852298972,0.0,0.0,1.6770645922061467e-10,1.111797633775314e-10,0.012200882446916334,0.0336710019712382,False,,0.008846611354301682,6270825196762771.0
schwarz_p,0.6,1.0,outputs/stl/schwarz_p_0.6_1.0.stl,150,6.283185307179586,30,0.2,3.670834870385089,1.2944522963989524,3500.0,0.0009534615757948361,0.007934407225943492,0.9499999999999998,4001.3044272762972,4001.3044272762972,0.0,0.0,1.6563895344385073e-09,1.6563895344385073e-09,0.08744576787924228,0.24606405840670312,False,,0.2943335028341246,5.1457482242481946e+17
schwarz_p,0.7,-1.0,outputs/stl/schwarz_p_0.7_-1.0.stl,150,6.283185307179586,30,0.2,3.595756415637404,0.9825055470349104,3500.0,0.0009733696044534682,0.007852848052024278,0.9499999999999998,1910.0210798976773,1910.0210798976773,0.0,0.0,8.742552746199247e-10,8.742552746199247e-10,0.04294316305538087,0.10042384714187934,False,,0.08348245784278008,1.1739363451209019e+17
schwarz_p,0.7,-0.5,outputs/stl/schwarz_p_0.7_-0.5.stl,150,6.283185307179586,30,0.2,3.5988654217708858,0.9951956025581906,3500.0,0.0009725287249773743,0.00785624223044139,0.9499999999999998,5106.009158640477,5106.009158640477,0.0,0.0,2.6921505821177207e-09,1.7784157600803222e-09,0.11180208526897575,0.3340319247481558,False,,0.49222491302590865,8.439942969950392e+17
schwarz_p,0.7,0.0,outputs/stl/schwarz_p_0.7_0.0.stl,150,6.283185307179586,30,0.2,3.598886527610141,0.9952831458113142,3500.0,0.0009725230215369398,0.007856265267193688,0.9499999999999998,2437.466916587032,2437.466916587032,0.0,0.0,9.59273056341836e-10,7.522123083147302e-10,0.053393179107465015,0.14178165800648573,False,,0.11418940730515235,1.9068924908475485e+17
schwarz_p,0.7,0.5,outputs/stl/schwarz_p_0.7_0.5.stl,150,6.283185307179586,30,0.2,3.5988687669870054,0.9952094766458727,3500.0,0.0009725278209936567,0.007856245881706296,0.9499999999999998,19.240625582094665,3.4081520968214636,0.0,0.0,1.0039771435984907e-11,1.2257719336363824e-12,0.014143370685262772,0.035663858690484725,False,,0.004499984721002124,22671283276743.004
schwarz_p,0.7,1.0,outputs/stl/schwarz_p_0.7_1.0.stl,150,6.283185307179586,30,0.2,3.6208842989012098,1.0979413642025386,3500.0,0.0009666147026741803,0.0078802389383924,0.9499999999999998,688.0647863450928,688.0647863450928,0.0,0.0,2.1806029032972995e-10,1.6584799842540187e-10,0.022641383004121166,0.04885045191230292,False,,0.01675691470728432,1.507499777190028e+16
schwarz_p,0.8,-1.0,outputs/stl/schwarz_p_0.8_-1.0.stl,150,6.283185307179586,30,0.2,3.550058145788635,0.8868109451794373,3500.0,0.0009858993448183329,0.007802787783880522,0.9499999999999998,2072.0550499356914,2072.0550499356914,0.0,0.0,6.583925110223495e-10,5.788033457674203e-10,0.044646476181256445,0.10280445477563958,False,,0.09104849198440962,1.4088585283603714e+17
schwarz_p,0.8,-0.5,outputs/stl/schwarz_p_0.8_-0.5.stl,150,6.283185307179586,30,0.2,3.5526775347109574,0.883833570511774,3500.0,0.0009851724412935656,0.007805665872960032,0.9499999999999998,1055.0809130683488,1055.0809130683488,0.0,0.0,3.837018299096824e-10,2.8988887258615325e-10,0.024086250568630306,0.07181270607678135,False,,0.027462977320600258,3.610508286034773e+16
schwarz_p,0.8,0.0,outputs/stl/schwarz_p_0.8_0.0.stl,150,6.283185307179586,30,0.2,3.5526976557631382,0.883810647797012,3500.0,0.0009851668616726636,0.007805687977131664,0.9499999999999998,940.4051819061286,940.4051819061286,0.0,0.0,3.5873040322765563e-10,2.785212166433254e-10,0.020633735512302853,0.04650032649020136,False,,0.023492564672486855,2.8563371954854204e+16
schwarz_p,0.8,0.5,outputs/stl/schwarz_p_0.8_0.5.stl,150,6.283185307179586,30,0.2,3.5526803018396276,0.883830418132864,3500.0,0.0009851716739577303,0.007805668912819044,0.9499999999999998,1640.5730845218661,1640.5730845218661,0.0,0.0,6.574501049935264e-10,3.9186059386295814e-10,0.03598689995699429,0.08759926914344075,False,,0.0624105787130284,8.697322108538091e+16
schwarz_p,0.8,1.0,outputs/stl/schwarz_p_0.8_1.0.stl,150,6.283185307179586,30,0.2,3.5730245799702263,0.9008762402132745,3500.0,0.0009795622508785443,0.00782798642988664,0.9499999999999998,864.1612796710504,864.1612796710504,0.0,0.0,3.1154965269397125e-10,2.1990072924374357e-10,0.018516782785833834,0.048553810561453394,False,,0.020687575786966818,2.4449350878723084e+16
schwarz_p,0.9,-1.0,outputs/stl/schwarz_p_0.9_-1.0.stl,150,6.283185307179586,30,0.2,3.505240478585258,0.9351042332802879,3500.0,0.0009985049588987478,0.007753378244851543,0.9499999999999998,400.26238701589375,400.26238701589375,0.0,0.0,2.4000514471761213e-10,1.3974891739602934e-10,0.012058320610626533,0.028861420171350488,False,,0.008848376958688476,5303780619868687.0
schwarz_p,0.9,-0.5,outputs/stl/schwarz_p_0.9_-0.5.stl,150,6.283185307179586,30,0.2,3.507543698080749,0.9327599965818126,3500.0,0.0009978492932005733,0.007755925117101431,0.9499999999999998,4786.020807432453,4786.020807432453,0.0,0.0,1.5285313053384796e-09,5.909898839892306e-10,0.10446568517924756,0.2516638264982872,False,,0.4555772452691369,7.51804408460971e+17
schwarz_p,0.9,0.0,outputs/stl/schwarz_p_0.9_0.0.stl,150,6.283185307179586,30,0.2,3.5075572709390728,0.9327461356883409,3500.0,0.000997845431918764,0.007755940123325161,0.9499999999999998,1544.3474800986673,1544.3474800986673,0.0,0.0,5.504276695118803e-10,2.8684831812895427e-10,0.03299751636722613,0.0828756338428996,False,,0.05511938280243786,7.896210818480205e+16
schwarz_p,0.9,0.5,outputs/stl/schwarz_p_0.9_0.5.stl,150,6.283185307179586,30,0.2,3.507545598276171,0.9327580560942398,3500.0,0.0009978487526206702,0.007755927217969256,0.9499999999999998,1178.9106584928018,1178.9106584928018,0.0,0.0,4.2059061798955573e-10,4.2059061798955573e-10,0.02591278989888274,0.06639973477371025,False,,0.03657368983838851,4.539518818153718e+16
schwarz_p,0.9,1.0,outputs/stl/schwarz_p_0.9_1.0.stl,150,6.283185307179586,30,0.2,3.526363558716597,0.9130243667366905,3500.0,0.0009925238682065465,0.0077767046383406925,0.9499999999999998,2856.2208252571595,2856.2208252571595,0.0,0.0,9.313952765779083e-10,4.852621761023002e-10,0.06193731508021523,0.14830485807836002,False,,0.17302800600645513,2.655950462298318e+17
schwarz_p,1.0,-1.0,outputs/stl/schwarz_p_1.0_-1.0.stl,150,6.283185307179586,30,0.2,3.4612658177107627,0.9769837149940426,3500.0,0.0010111907563097409,0.007704590110689834,0.9499999999999998,2562.3611510796086,2562.3611510796086,0.0,0.0,6.526332720004518e-10,5.613020207394326e-10,0.055984579710463445,0.13260447553164595,False,,0.13629382547317984,2.1646534819449168e+17
schwarz_p,1.0,-0.5,outputs/stl/schwarz_p_1.0_-0.5.stl,150,6.283185307179586,30,0.2,3.4632760657888078,0.9751797984230167,3500.0,0.001010603813705168,0.007706827137563035,0.9499999999999998,2982.8063462783734,2982.8063462783734,0.0,0.0,1.1342265645244086e-09,4.905381763267941e-10,0.06602716104157008,0.15449797104418128,False,,0.1903108683136421,2.921192739329069e+17
schwarz_p,1.0,0.0,outputs/stl/schwarz_p_1.0_0.0.stl,150,6.283185307179586,30,0.2,3.46328912885843,0.975168045155971,3500.0,0.0010106000018409293,0.007706841672171686,0.9499999999999998,1341.845985569094,1341.845985569094,0.0,0.0,7.017278542774594e-10,4.124866095987558e-10,0.02923482994024817,0.06304368567609143,False,,0.04384855045306223,5.947047912476903e+16
schwarz_p,1.0,0.5,outputs/stl/schwarz_p_1.0_0.5.stl,150,6.283185307179586,30,0.2,3.4632782979197407,0.9751777901310275,3500.0,0.001010603162356983,0.007706829621142767,0.9499999999999998,1415.2624151359846,1415.2624151359846,0.0,0.0,5.279148174740568e-10,3.3405773607089064e-10,0.03237442034427692,0.079151801879481,False,,0.05345879566071172,6.5346195436729704e+16
schwarz_p,1.0,1.0,outputs/stl/schwarz_p_1.0_1.0.stl,150,6.283185307179586,30,0.2,3.4809926937419675,0.9588485153000329,3500.0,0.0010054603120231201,0.007726514395099173,0.9499999999999998,850.3403908060675,850.3403908060675,0.0,0.0,5.094779017554671e-10,5.094779017554671e-10,0.018462707336835603,0.03942586442884446,False,,0.02058863113595977,2.401692316769172e+16
schwarz_p,1.2,-1.0,outputs/stl/schwarz_p_1.2_-1.0.stl,150,6.283185307179586,30,0.2,3.3757765954916996,1.048508150969791,3500.0,0.0010367984672546753,0.0076088480476799265,0.9499999999999998,988.8002376369363,988.8002376369363,0.0,0.0,3.55236511201574e-10,1.9358464723025213e-10,0.02033918066394466,0.05062917584830878,False,,0.026217463614761825,3.341367032361166e+16
schwarz_p,1.2,-0.5,outputs/stl/schwarz_p_1.2_-0.5.stl,150,6.283185307179586,30,0.2,3.3773875686401977,1.0471741697400891,3500.0,0.0010363039268866524,0.0076106633615066295,0.9499999999999998,1383.0560364852251,1383.0560364852251,0.0,0.0,4.778551222765042e-10,3.4700993920494705e-10,0.030217404754073262,0.066934682464892,False,,0.05408530012370716,6.455543513528074e+16
schwarz_p,1.2,0.0,outputs/stl/schwarz_p_1.2_0.0.stl,150,6.283185307179586,30,0.2,3.3773961671058363,1.0471670582313843,3500.0,0.001036301288574987,0.007610673049465801,0.9499999999999998,4760.489632541177,4760.489632541177,0.0,0.0,2.2708412128690406e-09,1.9289686464330725e-09,0.10486190173385077,0.2820629915550295,False,,0.47057288710311174,7.547399165474787e+17
schwarz_p,1.2,0.5,outputs/stl/schwarz_p_1.2_0.5.stl,150,6.283185307179586,30,0.2,3.3773890831402857,1.0471729171403863,3500.0,0.0010363034621837857,0.007610665067906739,0.9499999999999998,2447.212206094229,2447.212206094229,0.0,0.0,7.917187741468724e-10,7.917187741468724e-10,0.052807430020120616,0.13979964269767717,False,,0.1310788507743613,2.003468352112554e+17
schwarz_p,1.2,1.0,outputs/stl/schwarz_p_1.2_1.0.stl,150,6.283185307179586,30,0.2,3.393303071647261,1.0341214263871505,3500.0,0.0010314433830695068,0.007628574419821211,0.9499999999999998,1105.1634379456837,1105.1634379456837,0.0,0.0,3.89611796688887e-10,3.405406589748502e-10,0.024508163272161904,0.07179879507410775,False,,0.03176004248917515,4.046927973087403e+16
schwarz_p,1.4,-1.0,outputs/stl/schwarz_p_1.4_-1.0.stl,150,6.283185307179586,30,0.2,3.2934230277934553,1.1293285074290715,3500.0,0.0010627240929765858,0.0075154643852963455,0.9499999999999998,617.6484421523216,617.6484421523216,0.0,0.0,2.1079597044092457e-10,1.458331104964117e-10,0.014302519201917309,0.03442247868292004,False,,0.016413053695455267,1.2540254545001544e+16
schwarz_p,1.4,-0.5,outputs/stl/schwarz_p_1.4_-0.5.stl,150,6.283185307179586,30,0.2,3.2947535860400503,1.1276454205584647,3500.0,0.0010622949208795413,0.007516982373305585,0.9499999999999998,2643.533956777788,2643.533956777788,0.0,0.0,7.492800343477937e-10,4.74149715296019e-10,0.05941449635515175,0.14922745114567654,False,,0.15497905127302083,2.3445838278729238e+17
schwarz_p,1.4,0.0,outputs/stl/schwarz_p_1.4_0.0.stl,150,6.283185307179586,30,0.2,3.2947598938114147,1.127637490852961,3500.0,0.0010622928871308925,0.007516989568894304,0.9499999999999998,3819.6288566304484,3819.6288566304484,0.0,0.0,1.4971829429842152e-09,6.692891761067601e-10,0.08336516792356022,0.19900662344969616,False,,0.320198822088941,4.913308243286267e+17
schwarz_p,1.4,0.5,outputs/stl/schwarz_p_1.4_0.5.stl,150,6.283185307179586,30,0.2,3.294754150914359,1.1276447104177285,3500.0,0.0010622947387527173,0.007516983017686102,0.9499999999999998,1970.9763832584174,1970.9763832584174,0.0,0.0,4.444315699015756e-10,4.133807615644963e-10,0.04346133960833006,0.09526009368617101,False,,0.09263440885740593,1.3066321300716931e+17
schwarz_p,1.4,1.0,outputs/stl/schwarz_p_1.4_1.0.stl,150,6.283185307179586,30,0.2,3.309317690064619,1.1104458021531352,3500.0,0.0010576198261375317,0.007533578059900105,0.9499999999999998,927.7160214062625,927.7160214062625,0.0,0.0,3.898930246370743e-10,1.8750891163469044e-10,0.020863329995297178,0.049065473198651205,False,,0.03347942151169178,2.8968638865332824e+16
schwarz_p,1.6,-1.0,outputs/stl/schwarz_p_1.6_-1.0.stl,150,6.283185307179586,30,0.2,3.2140515161835603,1.3051675769167668,3500.0,0.0010889682328912953,0.0074243507125234896,0.9499999999999998,4283.889313852729,4283.889313852729,0.0,0.0,1.318457897673608e-09,1.318457897673608e-09,0.094312554488051,0.22259519003462863,False,,0.411528166372495,6.283379976833641e+17
schwarz_p,1.6,-0.5,outputs/stl/schwarz_p_1.6_-0.5.stl,150,6.283185307179586,30,0.2,3.215173186734649,1.302914284992284,3500.0,0.0010885883268871815,0.007425646110103769,0.9499999999999998,2753.806880239653,2753.806880239653,0.0,0.0,9.474729423292044e-10,5.851533537451057e-10,0.05996551575440225,0.11993127137110739,False,,0.1797599171727394,2.6052677079626067e+17
schwarz_p,1.6,0.0,outputs/stl/schwarz_p_1.6_0.0.stl,150,6.283185307179586,30,0.2,3.2139579756506094,1.3053541724733269,3500.0,0.0010889999267309916,0.007424242673997662,0.9499999999999998,1076.3791298959063,1076.3791298959063,0.0,0.0,3.325785773479226e-10,2.342850722676529e-10,0.023723800993417393,0.06422679397309755,False,,0.03637535377727991,3.953519586539335e+16
schwarz_p,1.6,0.5,outputs/stl/schwarz_p_1.6_0.5.stl,150,6.283185307179586,30,0.2,3.2151736632007606,1.302913321618614,3500.0,0.0010885881655660521,0.007425646660318079,0.9499999999999998,4126.566843189767,4126.566843189767,0.0,0.0,1.2003917021713288e-09,9.427132863914412e-10,0.08981226773840985,0.24733930264703236,False,,0.38235518563707666,5.829728578687749e+17
schwarz_p,1.6,1.0,outputs/stl/schwarz_p_1.6_1.0.stl,150,6.283185307179586,30,0.2,3.2286643864446187,1.2734018848470845,3500.0,0.0010840395845088668,0.007441209191221897,0.9499999999999998,580.8712252577906,580.8712252577906,0.0,0.0,1.498401843923768e-10,1.1752397672372427e-10,0.013633572137091871,0.029928334486634952,False,,0.015019051721850312,1.1803921571706126e+16
schwarz_p,1.8,-1.0,outputs/stl/schwarz_p_1.8_-1.0.stl,150,6.283185307179586,30,0.2,3.1375182600756566,1.4054801042412284,3500.0,0.0011155313562750716,0.007335423516082594,0.9499999999999998,401.7379923387589,401.7379923387589,0.0,0.0,1.4165508009834643e-10,1.2518905268893397e-10,0.012231540557447431,0.02973693592269626,False,,0.01252214984887353,5580747367422024.0
schwarz_p,1.8,-0.5,outputs/stl/schwarz_p_1.8_-0.5.stl,150,6.283185307179586,30,0.2,3.1384789391615273,1.4047238705240452,3500.0,0.0011151898954386663,0.007336546449564686,0.9499999999999998,608.6705642852846,608.6705642852846,0.0,0.0,2.388903903971845e-10,1.9651663178254968e-10,0.013958386251429769,0.029510608331453674,False,,0.019249552085096665,1.2923262973390756e+16
schwarz_p,1.8,0.0,outputs/stl/schwarz_p_1.8_0.0.stl,150,6.283185307179586,30,0.2,3.1384832280174892,1.4047204723797126,3500.0,0.0011151883714895212,0.007336551462403841,0.9499999999999998,971.7309439808819,971.7309439808819,0.0,0.0,3.073523235157931e-10,2.0393799600275046e-10,0.021199797524495818,0.04480191174818237,False,,0.027073804129441992,3.3016914579323252e+16
schwarz_p,1.8,0.5,outputs/stl/schwarz_p_1.8_0.5.stl,150,6.283185307179586,30,0.2,3.138480055138508,1.4047229863325819,3500.0,0.0011151894989007783,0.0073365477539252336,0.9499999999999998,3324.2642850920706,3324.2642850920706,0.0,0.0,1.116510696660987e-09,6.660417065707324e-10,0.07185764131069025,0.1455203789490866,False,,0.2652608222729244,3.8485232744009165e+17
schwarz_p,1.8,1.0,outputs/stl/schwarz_p_1.8_1.0.stl,150,6.283185307179586,30,0.2,3.151084168198,1.3938539958837324,3500.0,0.001110728820043399,0.007351264754081144,0.9499999999999998,1645.2459587706408,1645.2459587706408,0.0,0.0,6.046414125539098e-10,1.8685383334199145e-10,0.03588982204938685,0.0763704647782152,False,,0.0746474850260352,9.327902767389154e+16
schwarz_p,2.0,-1.0,outputs/stl/schwarz_p_2.0_-1.0.stl,150,6.283185307179586,30,0.2,3.063688058327174,1.3867219632428263,3500.0,0.001142413957741853,0.007248603327559802,0.9499999999999998,2764.065787173528,2764.065787173528,0.0,0.0,1.2651509970975339e-09,1.2651509970975339e-09,0.06045954691705932,0.13959839260264592,False,,0.19840848606692216,2.676536914299471e+17
schwarz_p,2.0,-0.5,outputs/stl/schwarz_p_2.0_-0.5.stl,150,6.283185307179586,30,0.2,3.0645226121986258,1.387099708679378,3500.0,0.001142102846971308,0.007249590526312948,0.9499999999999998,1876.2501073205706,1876.2501073205706,0.0,0.0,4.966254208909727e-10,3.204314349993324e-10,0.04080791239048883,0.09009274004451404,False,,0.0932983026206948,1.2278017049349557e+17
schwarz_p,2.0,0.0,outputs/stl/schwarz_p_2.0_0.0.stl,150,6.283185307179586,30,0.2,3.0645258213802067,1.387101161256304,3500.0,0.0011421016509574273,0.007249594322213523,0.9499999999999998,429.5222807142827,429.5222807142827,0.0,0.0,1.509641904139666e-10,1.509641904139666e-10,0.02286359245505436,0.046091611800654894,False,,0.019228060124627317,6518540413133513.0
schwarz_p,2.0,0.5,outputs/stl/schwarz_p_2.0_0.5.stl,150,6.283185307179586,30,0.2,3.0645229922330235,1.3870998806949475,3500.0,0.0011421027053380526,0.007249590975827283,0.9499999999999998,1770.962009075016,1770.962009075016,0.0,0.0,7.327983375596432e-10,7.327983375596432e-10,0.03909377747579662,0.07832841929037765,False,,0.08602602402439967,1.0978722476882131e+17
schwarz_p,2.0,1.0,outputs/stl/schwarz_p_2.0_1.0.stl,150,6.283185307179586,30,0.2,3.076372261299013,1.3924632340616585,3500.0,0.0011377036661103256,0.00726359306963696,0.9499999999999998,1679.8361828976472,1679.8361828976472,0.0,0.0,6.073423490497694e-10,5.755819028607735e-10,0.037831132886027206,0.09097937147917726,False,,0.07643374474758122,9.769664191227422e+16
schwarz_g,0.1,-1.0,outputs/stl/schwarz_g_0.1_-1.0.stl,150,6.283185307179586,30,0.2,3.891977311346993,1.3724341045276238,3500.0,0.0008992858179814692,0.008169908866664358,0.9499999999999998,10.943959154971354,6.877073074665796,0.0,0.0,5.0905480339395485e-12,2.5164296338834e-12,0.009156194503513784,0.02373089594927003,False,,0.0016883078121089675,7204689503140.8955
schwarz_g,0.1,-0.5,outputs/stl/schwarz_g_0.1_-0.5.stl,150,6.283185307179586,30,0.2,3.915382811470249,1.3806876229921403,3500.0,0.0008939100385654833,0.008194438065951489,0.9499999999999998,804.9757819868779,804.9757819868779,0.0,0.0,3.5870110689578073e-10,3.5870110689578073e-10,0.019030124022434147,0.05095973613840641,False,,0.019566202451336664,1.9533920102367556e+16
schwarz_g,0.1,0.0,outputs/stl/schwarz_g_0.1_0.0.stl,150,6.283185307179586,30,0.2,3.915752105751861,1.3808178478177615,3500.0,0.0008938257339781133,0.008194824501698887,0.9499999999999998,5148.264835158971,5148.264835158971,0.0,0.0,2.666641830253886e-09,2.666641830253886e-09,0.11231594833415712,0.3448325030861466,False,,0.4399643065861857,8.206585521164897e+17
schwarz_g,0.1,0.5,outputs/stl/schwarz_g_0.1_0.5.stl,150,6.283185307179586,30,0.2,3.915382869593154,1.3806876434881123,3500.0,0.0008939100252956063,0.008194438126773708,0.9499999999999998,1090.07972752126,1090.07972752126,0.0,0.0,3.445649917123214e-10,1.4055877615012146e-10,0.02397200910966932,0.07032321166691942,False,,0.025645699594262883,3.6693670238768024e+16
schwarz_g,0.1,1.0,outputs/stl/schwarz_g_0.1_1.0.stl,150,6.283185307179586,30,0.2,3.8919771904761506,1.3724340619047481,3500.0,0.0008992858459100589,0.008169908739800339,0.9499999999999998,2417.0536699764093,2417.0536699764093,0.0,0.0,1.4123851957786277e-09,1.0488446724692832e-09,0.05393226956084234,0.11611768149276254,False,,0.10676176438544466,1.8065944452028515e+17
schwarz_g,0.2,-1.0,outputs/stl/schwarz_g_0.2_-1.0.stl,150,6.283185307179586,30,0.2,3.839672014238359,1.3539896050208948,3500.0,0.0009115361903363676,0.008114824357059909,0.9499999999999998,2967.498171830272,2967.498171830272,0.0,0.0,1.42924048238911e-09,9.123245216201315e-10,0.06492430009515666,0.14462337021634034,False,,0.16596075290799644,2.7616979625208723e+17
schwarz_g,0.2,-0.5,outputs/stl/schwarz_g_0.2_-0.5.stl,150,6.283185307179586,30,0.2,3.856083527527955,1.3597768228651208,3500.0,0.0009076566871578553,0.008132148086274894,0.9499999999999998,479.253897719367,479.253897719367,0.0,0.0,1.7725536065704636e-10,1.7725536065704636e-10,0.012603266114432222,0.026248369615232334,False,,0.01122224319675212,7316723807494852.0
schwarz_g,0.2,0.0,outputs/stl/schwarz_g_0.2_0.0.stl,150,6.283185307179586,30,0.2,3.8375511526075123,1.3532417222352806,3500.0,0.0009120399600724135,0.008112582959034616,0.9499999999999998,2618.1663630495495,2618.1663630495495,0.0,0.0,1.6244422659636022e-09,1.1079076007205632e-09,0.05722745122399566,0.1417127327929461,False,,0.12332132683737175,2.1533077683873955e+17
schwarz_g,0.2,0.5,outputs/stl/schwarz_g_0.2_0.5.stl,150,6.283185307179586,30,0.2,3.8560262326879395,1.3597566188952206,3500.0,0.0009076701735922159,0.008132087671108703,0.9499999999999998,1202.3662384872946,1202.3662384872946,0.0,0.0,4.1012226258956414e-10,2.838296565119552e-10,0.02661505014720514,0.07188998904062048,False,,0.03009354050089235,4.498011874228654e+16
schwarz_g,0.2,1.0,outputs/stl/schwarz_g_0.2_1.0.stl,150,6.283185307179586,30,0.2,3.8396812490630516,1.3539928615117078,3500.0,0.0009115339979989381,0.008114834158590756,0.9499999999999998,3078.3732175295427,3078.3732175295427,0.0,0.0,1.6186948199310393e-09,1.6186948199310393e-09,0.06694639344946555,0.18207713797716576,False,,0.16976368627955365,2.9825471419862195e+17
schwarz_g,0.3,-1.0,outputs/stl/schwarz_g_0.3_-1.0.stl,150,6.283185307179586,30,0.2,3.78917774546875,1.3361837312968745,3500.0,0.0009236832461041028,0.008061290116029138,0.9499999999999998,1655.843653892529,1655.843653892529,0.0,0.0,6.119428686533622e-10,6.119428686533622e-10,0.0364858512930875,0.07416347143185036,False,,0.05051328911878418,8.638469301029043e+16
schwarz_g,0.3,-0.5,outputs/stl/schwarz_g_0.3_-0.5.stl,150,6.283185307179586,30,0.2,3.796713208342173,1.3388409734680293,3500.0,0.0009218499812705812,0.008069301798982876,0.9499999999999998,1634.1521337484076,1634.1521337484076,0.0,0.0,8.063273125741502e-10,4.4996786665938857e-10,0.03603149033323871,0.0915763704916502,False,,0.05359585866181883,8.42562871096465e+16
schwarz_g,0.3,0.0,outputs/stl/schwarz_g_0.3_0.0.stl,150,6.283185307179586,30,0.2,3.796720130459016,1.3388434144250214,3500.0,0.0009218483005690643,0.00806930915490119,0.9499999999999998,813.5747871835633,813.5747871835633,0.0,0.0,3.0265799555602784e-10,3.0265799555602784e-10,0.019257596662888826,0.04834063791041639,False,,0.020330104814441342,2.0558996819591916e+16
schwarz_g,0.3,0.5,outputs/stl/schwarz_g_0.3_0.5.stl,150,6.283185307179586,30,0.2,3.796713208342173,1.3388409734680293,3500.0,0.0009218499812705812,0.008069301798982876,0.9499999999999998,2941.0516439991043,2941.0516439991043,0.0,0.0,1.2540105492431013e-09,7.600974890526153e-10,0.06385377011415243,0.1340942555648987,False,,0.16090032524871214,2.7268587099780787e+17
schwarz_g,0.3,1.0,outputs/stl/schwarz_g_0.3_1.0.stl,150,6.283185307179586,30,0.2,3.7891775495268387,1.3361836622015695,3500.0,0.0009236832938686264,0.008061289907600725,0.9499999999999998,792.5753102834059,792.5753102834059,0.0,0.0,2.492690941061657e-10,2.041543195815299e-10,0.018300445802497036,0.054051639391757215,False,,0.019248416549627334,2.001748839355911e+16
schwarz_g,0.4,-1.0,outputs/stl/schwarz_g_0.4_-1.0.stl,150,6.283185307179586,30,0.2,3.7396433888150726,1.3187163528979466,3500.0,0.0009359181173446046,0.008008425820233244,0.9499999999999998,2949.014769637896,2949.014769637896,0.0,0.0,1.2183975364707105e-09,6.207655134866484e-10,0.06517178556752004,0.13037511809628313,False,,0.16109366492085556,2.7584884908962944e+17
schwarz_g,0.4,-0.5,outputs/stl/schwarz_g_0.4_-0.5.stl,150,6.283185307179586,30,0.2,3.744253746058383,1.3203421104521667,3500.0,0.0009347657069675067,0.008013360827075069,0.9499999999999998,2823.391916483504,2823.391916483504,0.0,0.0,9.866726627732305e-10,6.782903562689456e-10,0.06180791411625024,0.15002434976827142,False,,0.15148041893395725,2.5204125266715594e+17
schwarz_g,0.4,0.0,outputs/stl/schwarz_g_0.4_0.0.stl,150,6.283185307179586,30,0.2,3.7442608673724966,1.3203446216524066,3500.0,0.0009347639291105525,0.008013368447503106,0.9499999999999998,683.15863955643,683.15863955643,0.0,0.0,2.4770845260203025e-10,2.4770845260203025e-10,0.015130977268738917,0.03985755305475818,False,,0.013615310739379747,1.4776040743008982e+16
schwarz_g,0.4,0.5,outputs/stl/schwarz_g_0.4_0.5.stl,150,6.283185307179586,30,0.2,3.744253746058383,1.3203421104521667,3500.0,0.0009347657069675067,0.008013360827075069,0.9499999999999998,961.2278963342669,961.2278963342669,0.0,0.0,2.7181417934423946e-10,2.0833542335817218e-10,0.021729926965037904,0.04421429233572489,False,,0.02397080934244336,3.009634967147057e+16
schwarz_g,0.4,1.0,outputs/stl/schwarz_g_0.4_1.0.stl,150,6.283185307179586,30,0.2,3.739642784017161,1.3187161396271039,3500.0,0.000935918268707009,0.008008425172647512,0.9499999999999998,2383.2688945779323,2383.2688945779323,0.0,0.0,1.0252727078798221e-09,8.325390894610593e-10,0.05087153924894257,0.11357484788519868,False,,0.11160041535009055,1.806944160772763e+17
schwarz_g,0.5,-1.0,outputs/stl/schwarz_g_0.5_-1.0.stl,150,6.283185307179586,30,0.2,3.6911342546380568,1.3016105003197358,3500.0,0.0009482180160751701,0.007956315256891387,0.9499999999999998,127.36604125934673,127.36604125934673,0.0,0.0,4.5582285371069164e-11,2.933280319209222e-11,0.012931993844566218,0.028736935240542657,False,,0.004892274471993255,578772843939473.8
schwarz_g,0.5,-0.5,outputs/stl/schwarz_g_0.5_-0.5.stl,150,6.283185307179586,30,0.2,3.694524446300519,1.302805988958604,3500.0,0.0009473479065769061,0.00795996823197517,0.9499999999999998,3473.4484670378497,3473.4484670378497,0.0,0.0,1.2074169338773298e-09,7.939167058476193e-10,0.0747972508642319,0.19526904229293557,False,,0.22144614370728277,3.8782570666101766e+17
schwarz_g,0.5,0.0,outputs/stl/schwarz_g_0.5_0.0.stl,150,6.283185307179586,30,0.2,3.6945275205342942,1.3028070730305144,3500.0,0.0009473471182842449,0.007959971543740792,0.9499999999999998,1376.3908910228688,1376.3908910228688,0.0,0.0,4.1797785503184216e-10,3.6749277914939256e-10,0.03054739819361419,0.06410207258600653,False,,0.045107475589919135,5.995412072182028e+16
schwarz_g,0.5,0.5,outputs/stl/schwarz_g_0.5_0.5.stl,150,6.283185307179586,30,0.2,3.694524446300519,1.302805988958604,3500.0,0.0009473479065769061,0.00795996823197517,0.9499999999999998,2438.4758564274453,2438.4758564274453,0.0,0.0,9.44629334874626e-10,9.44629334874626e-10,0.053353193655465134,0.10719922496956238,False,,0.11037982782766599,1.898550974293904e+17
schwarz_g,0.5,1.0,outputs/stl/schwarz_g_0.5_1.0.stl,150,6.283185307179586,30,0.2,3.6911461997631525,1.301614712548059,3500.0,0.0009482149474937034,0.0079563281308615,0.9499999999999998,17.853665942123286,17.853665942123286,0.0,0.0,5.077327249941449e-12,5.077327249941449e-12,0.010710506194974719,0.02456867663532383,False,,0.003143711551109421,21854359121088.145
schwarz_g,0.6,-1.0,outputs/stl/schwarz_g_0.6_-1.0.stl,150,6.283185307179586,30,0.2,3.6435088315620368,1.2325182085315387,3500.0,0.0009606124650175441,0.007904819824720164,0.9499999999999998,1806.5732021396045,1806.5732021396045,0.0,0.0,8.931649261091997e-10,6.252559145450347e-10,0.039554183386327164,0.11024848757479785,False,,0.06450828095877391,1.04878184695581e+17
schwarz_g,0.6,-0.5,outputs/stl/schwarz_g_0.6_-0.5.stl,150,6.283185307179586,30,0.2,3.6460069114209177,1.2495809846968162,3500.0,0.0009599542965857913,0.0079075292304783,0.9499999999999998,1088.927518871781,1088.927518871781,0.0,0.0,3.7845529878160913e-10,3.7845529878160913e-10,0.024710019387403175,0.04996426176477731,False,,0.029438819665410287,3.811077441512223e+16
schwarz_g,0.6,0.0,outputs/stl/schwarz_g_0.6_0.0.stl,150,6.283185307179586,30,0.2,3.6460097198047503,1.2496004414978865,3500.0,0.0009599535571691868,0.007907532275915886,0.9499999999999998,22.296968083610572,22.296968083610572,0.0,0.0,5.81445824740509e-12,5.6268278391117975e-12,0.010292996529044043,0.02240945338365608,False,,0.003753521116516793,33090772586613.293
schwarz_g,0.6,0.5,outputs/stl/schwarz_g_0.6_0.5.stl,150,6.283185307179586,30,0.2,3.6460069114209177,1.2495809846968162,3500.0,0.0009599542965857913,0.0079075292304783,0.9499999999999998,1107.9683631800917,1107.9683631800917,0.0,0.0,4.18877117785568e-10,4.18877117785568e-10,0.024411865583527887,0.05950911212955938,False,,0.027827933104046437,4.014778174175243e+16
schwarz_g,0.6,1.0,outputs/stl/schwarz_g_0.6_1.0.stl,150,6.283185307179586,30,0.2,3.6435185892351036,1.232583918134398,3500.0,0.0009606098924102831,0.007904830409653453,0.9499999999999998,737.9223871855156,737.9223871855156,0.0,0.0,2.6032692896131995e-10,2.2037252420863935e-10,0.016675053013709366,0.036156724633280284,False,,0.01959171392031673,1.7683259694629104e+16
schwarz_g,0.7,-1.0,outputs/stl/schwarz_g_0.7_-1.0.stl,150,6.283185307179586,30,0.2,3.5968257356461573,0.9868245325965602,3500.0,0.0009730802260764066,0.007854015620453757,0.9499999999999998,2851.9308514721856,2851.9308514721856,0.0,0.0,9.83322150995963e-10,6.264873576386722e-10,0.0610808941655771,0.1221656975709283,False,,0.1590469063132213,2.6534781935475942e+17
schwarz_g,0.7,-0.5,outputs/stl/schwarz_g_0.7_-0.5.stl,150,6.283185307179586,30,0.2,3.5988707687450656,0.9952177790490979,3500.0,0.0009725272800558098,0.007856248066601375,0.9499999999999998,317.2545098604047,317.2545098604047,0.0,0.0,1.4577276156741802e-10,1.0462139015846176e-10,0.010667427480067762,0.023037078336225578,False,,0.007008183737982824,3373887501636897.0
schwarz_g,0.7,0.0,outputs/stl/schwarz_g_0.7_0.0.stl,150,6.283185307179586,30,0.2,3.598873146674597,0.995227641867362,3500.0,0.0009725266374654085,0.007856250662082348,0.9499999999999998,245.422378192647,245.422378192647,0.0,0.0,1.365365820536646e-10,1.365365820536646e-10,0.012715831208759463,0.025875406189172705,False,,0.0071998728671116554,1906949135973925.0
schwarz_g,0.7,0.5,outputs/stl/schwarz_g_0.7_0.5.stl,150,6.283185307179586,30,0.2,3.5988707687450656,0.9952177790490979,3500.0,0.0009725272800558098,0.007856248066601375,0.9499999999999998,128.65010780035232,128.65010780035232,0.0,0.0,6.558410583003067e-11,3.85835808111764e-11,0.014577206740647988,0.03208948181776427,False,,0.0073584659261585255,553081286431564.7
schwarz_g,0.7,1.0,outputs/stl/schwarz_g_0.7_1.0.stl,150,6.283185307179586,30,0.2,3.5968371453711114,0.9868708724574812,3500.0,0.0009730771393150967,0.007854028077560873,0.9499999999999998,2066.845581990663,2066.845581990663,0.0,0.0,5.57249248844144e-10,4.497522983038633e-10,0.04545953073162162,0.10831543209072118,False,,0.08805053922143113,1.3722166981095602e+17
schwarz_g,0.8,-1.0,outputs/stl/schwarz_g_0.8_-1.0.stl,150,6.283185307179586,30,0.2,3.550983446797375,0.8857607354207164,3500.0,0.00098564244312562,0.007803804592157277,0.9499999999999998,2502.5457809571108,2502.5457809571108,0.0,0.0,1.0209600313419954e-09,4.792922792096959e-10,0.05466774000409592,0.18546180701494036,False,,0.12477107860083635,2.0285836678305536e+17
schwarz_g,0.8,-0.5,outputs/stl/schwarz_g_0.8_-0.5.stl,150,6.283185307179586,30,0.2,3.552681856703822,0.8838286467881229,3500.0,0.0009851712427882016,0.007805670620931333,0.9499999999999998,3682.84989825386,3682.84989825386,0.0,0.0,1.2390088639744667e-09,7.976000620405313e-10,0.07942952321188798,0.20606932718691867,False,,0.2600721132083706,4.4119907658262835e+17
schwarz_g,0.8,0.0,outputs/stl/schwarz_g_0.8_0.0.stl,150,6.283185307179586,30,0.2,3.552684057233707,0.8838261398751093,3500.0,0.0009851706325738605,0.00780567303834577,0.9499999999999998,131.8401907113375,131.8401907113375,0.0,0.0,5.140125346311353e-11,3.889336799560704e-11,0.009821118881678597,0.02054632793142271,False,,0.002772157984013696,540570203325256.0
schwarz_g,0.8,0.5,outputs/stl/schwarz_g_0.8_0.5.stl,150,6.283185307179586,30,0.2,3.552681856703822,0.8838286467881229,3500.0,0.0009851712427882016,0.007805670620931333,0.9499999999999998,3223.5285765888584,3223.5285765888584,0.0,0.0,1.0534501938130577e-09,1.0534501938130577e-09,0.0710008681182462,0.15606367749820255,False,,0.2036913308313563,3.371370770434436e+17
schwarz_g,0.8,1.0,outputs/stl/schwarz_g_0.8_1.0.stl,150,6.283185307179586,30,0.2,3.550996903889416,0.8857454490576179,3500.0,0.0009856387078700185,0.0078038193791055595,0.9499999999999998,4374.661609525281,4374.661609525281,0.0,0.0,1.73398647058603e-09,6.305464710652164e-10,0.09573324460445444,0.22593372141729373,False,,0.3755055273786446,6.249813325537211e+17
schwarz_g,0.9,-1.0,outputs/stl/schwarz_g_0.9_-1.0.stl,150,6.283185307179586,30,0.2,3.506057171486796,0.9342747844886442,3500.0,0.0009982723694479212,0.007754281429700535,0.9499999999999998,2837.3953908324897,2837.3953908324897,0.0,0.0,1.1068961565800948e-09,1.1068961565800948e-09,0.061693852269848096,0.1484374218054607,False,,0.16198993169531764,2.6489665091166134e+17
schwarz_g,0.9,-0.5,outputs/stl/schwarz_g_0.9_-0.5.stl,150,6.283185307179586,30,0.2,3.5075479250481796,0.9327556799703773,3500.0,0.0009978480906862946,0.007755929790462024,0.9499999999999998,4020.3990313582362,4020.3990313582362,0.0,0.0,1.3283113979682926e-09,1.0036019938631323e-09,0.08620708789990107,0.21420338357989097,False,,0.31685140657331945,5.325248697427172e+17
schwarz_g,0.9,0.0,outputs/stl/schwarz_g_0.9_0.0.stl,150,6.283185307179586,30,0.2,3.5075495279369098,0.9327540430743945,3500.0,0.0009978476346871857,0.007755931562624699,0.9499999999999998,3333.1533263713895,3333.1533263713895,0.0,0.0,1.2360432983107398e-09,4.3051214188444484e-10,0.07238179563942547,0.1542338576729088,False,,0.23139030029388435,3.6382295151424e+17
schwarz_g,0.9,0.5,outputs/stl/schwarz_g_0.9_0.5.stl,150,6.283185307179586,30,0.2,3.5075479250481796,0.9327556799703773,3500.0,0.0009978480906862946,0.007755929790462024,0.9499999999999998,153.5853156147417,153.5853156147417,0.0,0.0,4.9530437497956896e-11,4.9530437497956896e-11,0.010419310772874661,0.022520501453654813,False,,0.005020134553831439,849584032233431.6
schwarz_g,0.9,1.0,outputs/stl/schwarz_g_0.9_1.0.stl,150,6.283185307179586,30,0.2,3.5060694697193826,0.9342622791539817,3500.0,0.000998268867810007,0.007754295029574732,0.9499999999999998,652.98632676184,652.98632676184,0.0,0.0,2.781759255615076e-10,2.516270465030975e-10,0.015188219141509234,0.03608270868438069,False,,0.01805479492536707,1.3848964615212024e+16
schwarz_g,1.0,-1.0,outputs/stl/schwarz_g_1.0_-1.0.stl,150,6.283185307179586,30,0.2,3.461096887253119,0.9771348781710865,3500.0,0.0010112401108706773,0.0077044020933743455,0.9499999999999998,1447.0095719407414,1447.0095719407414,0.0,0.0,4.940327217462564e-10,4.940327217462564e-10,0.03335164510643108,0.07612313908649286,False,,0.057136231634874204,6.74567378538563e+16
schwarz_g,1.0,-0.5,outputs/stl/schwarz_g_1.0_-0.5.stl,150,6.283185307179586,30,0.2,3.461096887253119,0.9771348781710865,3500.0,0.0010112401108706773,0.0077044020933743455,0.9499999999999998,3449.7849639557626,3449.7849639557626,0.0,0.0,1.228127939477948e-09,1.1123141615251686e-09,0.07533911156272943,0.16137596852014421,False,,0.2388632497203525,3.9343553087647795e+17
schwarz_g,1.0,0.0,outputs/stl/schwarz_g_1.0_0.0.stl,150,6.283185307179586,30,0.2,3.461096887253119,0.9771348781710865,3500.0,0.0010112401108706773,0.0077044020933743455,0.9499999999999998,2524.0583126593956,2524.0583126593956,0.0,0.0,1.060074945744976e-09,8.388985590090201e-10,0.05484659402703654,0.1545259349285019,False,,0.13375561449993184,2.0982298105151562e+17
schwarz_g,1.0,0.5,outputs/stl/schwarz_g_1.0_0.5.stl,150,6.283185307179586,30,0.2,3.461096887253119,0.9771348781710865,3500.0,0.0010112401108706773,0.0077044020933743455,0.9499999999999998,1313.4204097808463,1313.4204097808463,0.0,0.0,5.418652221236652e-10,2.010359689742876e-10,0.028940733702896248,0.07240716670250746,False,,0.04182335156404607,5.6257248358496344e+16
schwarz_g,1.0,1.0,outputs/stl/schwarz_g_1.0_1.0.stl,150,6.283185307179586,30,0.2,3.461096887253119,0.9771348781710865,3500.0,0.0010112401108706773,0.0077044020933743455,0.9499999999999998,1906.6251284443972,1906.6251284443972,0.0,0.0,7.930475768560236e-10,7.930475768560236e-10,0.04211528380338887,0.12446636086392002,False,,0.07766646247960773,1.1944176999462656e+17
schwarz_g,1.2,-1.0,outputs/stl/schwarz_g_1.2_-1.0.stl,150,6.283185307179586,30,0.2,3.3756414661359324,1.0486201949959604,3500.0,0.0010368399710430206,0.007608695758422154,0.9499999999999998,1190.0032149353206,1190.0032149353206,0.0,0.0,5.961428417912253e-10,4.940752421948132e-10,0.02551648621946383,0.05306307764253789,False,,0.042413642772002956,4.766583419113554e+16
schwarz_g,1.2,-0.5,outputs/stl/schwarz_g_1.2_-0.5.stl,150,6.283185307179586,30,0.2,3.3756414661359324,1.0486201949959604,3500.0,0.0010368399710430206,0.007608695758422154,0.9499999999999998,4460.47427906138,4460.47427906138,0.0,0.0,2.513253927552434e-09,1.9109682277542247e-09,0.09874337624180791,0.2598391091775338,False,,0.42159020270686814,6.620440408871196e+17
schwarz_g,1.2,0.0,outputs/stl/schwarz_g_1.2_0.0.stl,150,6.283185307179586,30,0.2,3.3756414661359324,1.0486201949959604,3500.0,0.0010368399710430206,0.007608695758422154,0.9499999999999998,1503.404840404505,1503.404840404505,0.0,0.0,6.424474563884778e-10,6.424474563884778e-10,0.033832135766561196,0.06974294674724349,False,,0.05315789438065061,7.501507539527013e+16
schwarz_g,1.2,0.5,outputs/stl/schwarz_g_1.2_0.5.stl,150,6.283185307179586,30,0.2,3.3756414661359324,1.0486201949959604,3500.0,0.0010368399710430206,0.007608695758422154,0.9499999999999998,393.11522783564783,393.11522783564783,0.0,0.0,2.2415460667240497e-10,2.2415460667240497e-10,0.013786070380116061,0.027835936623494803,False,,0.012893670519431567,4988667628620076.0
schwarz_g,1.2,1.0,outputs/stl/schwarz_g_1.2_1.0.stl,150,6.283185307179586,30,0.2,3.3756414661359324,1.0486201949959604,3500.0,0.0010368399710430206,0.007608695758422154,0.9499999999999998,1680.793958090203,1680.793958090203,0.0,0.0,8.633138224119408e-10,8.633138224119408e-10,0.03642508077916105,0.07466763637914887,False,,0.0771842070026596,9.592029983177394e+16
schwarz_g,1.4,-1.0,outputs/stl/schwarz_g_1.4_-1.0.stl,150,6.283185307179586,30,0.2,3.2933115590571957,1.1294704590494813,3500.0,0.0010627600630053887,0.007515337200540699,0.9499999999999998,1769.07873968074,1769.07873968074,0.0,0.0,8.760755987664651e-10,7.462546163959145e-10,0.03851289902043501,0.09679722522961114,False,,0.08267982158415123,1.0521136532878734e+17
schwarz_g,1.4,-0.5,outputs/stl/schwarz_g_1.4_-0.5.stl,150,6.283185307179586,30,0.2,3.2933115590571957,1.1294704590494813,3500.0,0.0010627600630053887,0.007515337200540699,0.9499999999999998,2962.2447824722617,2962.2447824722617,0.0,0.0,1.4281803354284221e-09,6.853188091190498e-10,0.06513352929436392,0.19512617556832304,False,,0.1932078301682724,2.962474123629736e+17
schwarz_g,1.4,0.0,outputs/stl/schwarz_g_1.4_0.0.stl,150,6.283185307179586,30,0.2,3.2933115590571957,1.1294704590494813,3500.0,0.0010627600630053887,0.007515337200540699,0.9499999999999998,323.7926618698836,323.7926618698836,0.0,0.0,1.4121352941048723e-10,1.4121352941048723e-10,0.011866052379770385,0.025262063032080364,False,,0.009448945426801891,3569425400076786.0
schwarz_g,1.4,0.5,outputs/stl/schwarz_g_1.4_0.5.stl,150,6.283185307179586,30,0.2,3.2933115590571957,1.1294704590494813,3500.0,0.0010627600630053887,0.007515337200540699,0.9499999999999998,1620.247088100472,1620.247088100472,0.0,0.0,7.498061725268697e-10,5.495917754192809e-10,0.036252638993318057,0.07588821171956599,False,,0.06837497257001786,8.78238202006339e+16
schwarz_g,1.4,1.0,outputs/stl/schwarz_g_1.4_1.0.stl,150,6.283185307179586,30,0.2,3.2933115590571957,1.1294704590494813,3500.0,0.0010627600630053887,0.007515337200540699,0.9499999999999998,1297.6916829356826,1297.6916829356826,0.0,0.0,5.965815302285075e-10,5.965815302285075e-10,0.028805095625566268,0.07052360549521311,False,,0.042225823822763166,5.6391594602658776e+16
schwarz_g,1.6,-1.0,outputs/stl/schwarz_g_1.6_-1.0.stl,150,6.283185307179586,30,0.2,3.2139579756506094,1.3053541724733269,3500.0,0.0010889999267309916,0.007424242673997662,0.9499999999999998,404.6936546200792,404.6936546200792,0.0,0.0,1.4127102335670618e-10,1.2056764122588762e-10,0.013086871231904555,0.026185523298406805,False,,0.01350874141330725,5672068689760513.0
schwarz_g,1.6,-0.5,outputs/stl/schwarz_g_1.6_-0.5.stl,150,6.283185307179586,30,0.2,3.2139579756506094,1.3053541724733269,3500.0,0.0010889999267309916,0.007424242673997662,0.9499999999999998,43.29645220127602,40.95776057314362,0.0,0.0,1.6654084719828596e-11,1.4223772888978738e-11,0.012373776656963232,0.02802423277586979,False,,0.005139664354032795,101151857283100.1
schwarz_g,1.6,0.0,outputs/stl/schwarz_g_1.6_0.0.stl,150,6.283185307179586,30,0.2,3.2139579756506094,1.3053541724733269,3500.0,0.0010889999267309916,0.007424242673997662,0.9499999999999998,98.61899757388494,98.61899757388494,0.0,0.0,3.749648002584874e-11,2.4367303743361344e-11,0.01054112031963817,0.022477459570511026,False,,0.003880136218025755,337214957584165.7
schwarz_g,1.6,0.5,outputs/stl/schwarz_g_1.6_0.5.stl,150,6.283185307179586,30,0.2,3.2139579756506094,1.3053541724733269,3500.0,0.0010889999267309916,0.007424242673997662,0.9499999999999998,231.36129941021923,231.36129941021923,0.0,0.0,1.167710824918416e-10,6.963116385151607e-11,0.015873904835960462,0.04290208989826188,False,,0.0106286536450414,1880730357430207.0
schwarz_g,1.6,1.0,outputs/stl/schwarz_g_1.6_1.0.stl,150,6.283185307179586,30,0.2,3.2139579756506094,1.3053541724733269,3500.0,0.0010889999267309916,0.007424242673997662,0.9499999999999998,1231.5082489279268,1231.5082489279268,0.0,0.0,4.008423916182669e-10,2.491197010672673e-10,0.026241799975137814,0.07127286638076408,False,,0.042520615404061345,5.190361234743714e+16
schwarz_g,1.8,-1.0,outputs/stl/schwarz_g_1.8_-1.0.stl,150,6.283185307179586,30,0.2,3.137859904392325,1.4052122891609249,3500.0,0.0011154098993077276,0.007335822882289917,0.9499999999999998,162.64867308560378,162.64867308560378,0.0,0.0,6.940052680423122e-11,5.357808478390789e-11,0.012586105801197981,0.028026249863015672,False,,0.008196180024014931,898205205122108.8
schwarz_g,1.8,-0.5,outputs/stl/schwarz_g_1.8_-0.5.stl,150,6.283185307179586,30,0.2,3.1384812805256823,1.404722015439831,3500.0,0.001115189063486708,0.007336549186164805,0.9499999999999998,2170.7245830740635,2170.7245830740635,0.0,0.0,7.933808035733554e-10,7.933808035733554e-10,0.04818729585561621,0.10423527413640844,False,,0.12050578790054726,1.636773151659206e+17
schwarz_g,1.8,0.0,outputs/stl/schwarz_g_1.8_0.0.stl,150,6.283185307179586,30,0.2,3.138481586872589,1.4047217727140504,3500.0,0.0011151889546332037,0.007336549544224786,0.9499999999999998,406.57201581801235,406.57201581801235,0.0,0.0,1.3317732675929338e-10,7.209099050510173e-11,0.012322471601526724,0.025505463851919558,False,,0.013155001024165478,6003311715208731.0
schwarz_g,1.8,0.5,outputs/stl/schwarz_g_1.8_0.5.stl,150,6.283185307179586,30,0.2,3.1384812805256823,1.404722015439831,3500.0,0.001115189063486708,0.007336549186164805,0.9499999999999998,584.6919640466407,584.6919640466407,0.0,0.0,2.2125424861004475e-10,2.2125424861004475e-10,0.015124769601145763,0.0349976512249402,False,,0.017307066140861468,1.1636215775474238e+16
schwarz_g,1.8,1.0,outputs/stl/schwarz_g_1.8_1.0.stl,150,6.283185307179586,30,0.2,3.137865504507873,1.405207888925212,3500.0,0.0011154079086474174,0.007335829428381634,0.9499999999999998,602.2978858862112,602.2978858862112,0.0,0.0,2.3344350461899686e-10,1.3644784455640301e-10,0.014178501571636404,0.03734222527568487,False,,0.016377791082544026,1.2282168586021316e+16
schwarz_g,2.0,-1.0,outputs/stl/schwarz_g_2.0_-1.0.stl,150,6.283185307179586,30,0.2,3.063985398702994,1.3868565488866182,3500.0,0.0011423030937032447,0.007248955068681026,0.9499999999999998,1698.8785865002028,1698.8785865002028,0.0,0.0,8.020265549145986e-10,2.3196345634668235e-10,0.03763592284834497,0.07789815243920835,False,,0.07887639124336297,1.0024768626162046e+17
schwarz_g,2.0,-0.5,outputs/stl/schwarz_g_2.0_-0.5.stl,150,6.283185307179586,30,0.2,3.0645241323366412,1.387100396741848,3500.0,0.001142102280438339,0.007249592324370621,0.9499999999999998,1287.7285995557306,1287.7285995557306,0.0,0.0,4.6518161650452945e-10,3.4193197701850726e-10,0.028870422455802475,0.08425896429248793,False,,0.04875601715583065,5.744494889383967e+16
schwarz_g,2.0,0.0,outputs/stl/schwarz_g_2.0_0.0.stl,150,6.283185307179586,30,0.2,3.064524385693087,1.387100511418976,3500.0,0.0011421021860161913,0.007249592624046984,0.9499999999999998,2386.895717913351,2386.895717913351,0.0,0.0,7.349653998093097e-10,3.143273429713413e-10,0.051502596809408684,0.11648790063967782,False,,0.14202470251905008,2.0011447417524803e+17
schwarz_g,2.0,0.5,outputs/stl/schwarz_g_2.0_0.5.stl,150,6.283185307179586,30,0.2,3.0645241323366412,1.387100396741848,3500.0,0.001142102280438339,0.007249592324370621,0.9499999999999998,596.2568815698269,596.2568815698269,0.0,0.0,2.3274579384142915e-10,1.8279639191629968e-10,0.013781470315466973,0.033078388035448957,False,,0.014951200644043676,1.2201925843653044e+16
schwarz_g,2.0,1.0,outputs/stl/schwarz_g_2.0_1.0.stl,150,6.283185307179586,30,0.2,3.063990126781451,1.386858688964236,3500.0,0.0011423013310021832,0.0072489606616605315,0.9499999999999998,1560.869748463823,1560.869748463823,0.0,0.0,5.377777224007223e-10,4.5461614275124004e-10,0.03414513170656305,0.06898224828309711,False,,0.06612549192108345,8.60272198020198e+16
l_surface,0.1,-1.0,outputs/stl/l_surface_0.1_-1.0.stl,150,6.283185307179586,30,0.2,3.9150985573448422,1.3805873860110762,3500.0,0.0008939749405372937,0.008194140605241288,0.9499999999999998,701.8089906026094,701.8089906026094,0.0,0.0,2.3580119543476706e-10,1.649320153378893e-10,0.016488825037759974,0.04047279668243918,False,,0.012549109065523844,1.5097700476536742e+16
l_surface,0.1,-0.5,outputs/stl/l_surface_0.1_-0.5.stl,150,6.283185307179586,30,0.2,3.916385686143152,1.3810412682715323,3500.0,0.0008936811337002901,0.008195487448428867,0.9499999999999998,4097.399450867983,4097.399450867983,0.0,0.0,1.6692109370997914e-09,9.908276126231284e-10,0.09072078418904508,0.20706477449074115,False,,0.2818938833580346,5.189361893559233e+17
l_surface,0.1,0.0,outputs/stl/l_surface_0.1_0.0.stl,150,6.283185307179586,30,0.2,3.892382413275832,1.372576956260425,3500.0,0.0008991922242949395,0.008170334043824678,0.9499999999999998,1486.6867598369672,1486.6867598369672,0.0,0.0,6.680305965468918e-10,4.781852821179342e-10,0.03264284808521165,0.08754482644076225,False,,0.04253914479531249,6.949662588781331e+16
l_surface,0.1,0.5,outputs/stl/l_surface_0.1_0.5.stl,150,6.283185307179586,30,0.2,3.891669231743441,1.3723254659305817,3500.0,0.0008993570089285374,0.00816958550505471,0.9499999999999998,392.6502065260859,392.6502065260859,0.0,0.0,1.639940647114346e-10,8.321944129587687e-11,0.014298510080970486,0.02915162106080876,False,,0.008057351888247244,4763049160750099.0
l_surface,0.1,1.0,ERROR,150,6.283185307179586,30,0.2,,,,,,,,,,,,,,,,,,
l_surface,0.2,-1.0,outputs/stl/l_surface_0.2_-1.0.stl,150,6.283185307179586,30,0.2,3.8375511526075123,1.3532417222352806,3500.0,0.0009120399600724135,0.008112582959034616,0.9499999999999998,927.4474106330565,927.4474106330565,0.0,0.0,4.815872367194763e-10,4.815872367194763e-10,0.021463238581017025,0.0654069441806758,False,,0.02128213659423937,2.653623577796685e+16
l_surface,0.2,-0.5,outputs/stl/l_surface_0.2_-0.5.stl,150,6.283185307179586,30,0.2,3.8375511526075123,1.3532417222352806,3500.0,0.0009120399600724135,0.008112582959034616,0.9499999999999998,1981.8347115579131,1981.8347115579131,0.0,0.0,1.1665620990279823e-09,1.1665620990279823e-09,0.043504803417236955,0.08745165730154153,False,,0.07220925818733319,1.2311504179731522e+17
l_surface,0.2,0.0,outputs/stl/l_surface_0.2_0.0.stl,150,6.283185307179586,30,0.2,3.8379159860426166,1.3533703740255543,3500.0,0.0009119532612825506,0.008112968578802143,0.9499999999999998,4498.54914228792,4498.54914228792,0.0,0.0,2.3330264437622404e-09,2.069947428081219e-09,0.09745524196421411,0.20339957545850715,False,,0.3556326375654759,6.324383441919192e+17
l_surface,0.2,0.5,outputs/stl/l_surface_0.2_0.5.stl,150,6.283185307179586,30,0.2,3.8375511526075123,1.3532417222352806,3500.0,0.0009120399600724135,0.008112582959034616,0.9499999999999998,1109.5886483172608,1109.5886483172608,0.0,0.0,5.281584966934922e-10,3.897109721403512e-10,0.025102763217347945,0.06099985368376511,False,,0.025344253052077784,3.815024262743931e+16
l_surface,0.2,1.0,ERROR,150,6.283185307179586,30,0.2,,,,,,,,,,,,,,,,,,
l_surface,0.3,-1.0,outputs/stl/l_surface_0.3_-1.0.stl,150,6.283185307179586,30,0.2,3.7966157984783906,1.3388066236739589,3500.0,0.0009218736331979473,0.008069198283838636,0.9499999999999998,1796.4281146988367,1796.4281146988367,0.0,0.0,5.81840593489519e-10,5.81840593489519e-10,0.03896216298595859,0.09191520542212567,False,,0.06928081164316563,1.014267287502611e+17
l_surface,0.3,-0.5,outputs/stl/l_surface_0.3_-0.5.stl,150,6.283185307179586,30,0.2,3.796611271263625,1.338805027235068,3500.0,0.0009218747324729656,0.008069193472842946,0.9499999999999998,3356.6599656483595,3356.6599656483595,0.0,0.0,1.2009972167267703e-09,1.0699141180447686e-09,0.07281948612207671,0.18381120678812626,False,,0.20660756936786567,3.559718365275411e+17
l_surface,0.3,0.0,outputs/stl/l_surface_0.3_0.0.stl,150,6.283185307179586,30,0.2,3.78746614877101,1.3355801682508297,3500.0,0.0009241006684998916,0.008059469241297643,0.9499999999999998,922.261165076261,922.261165076261,0.0,0.0,4.68387175949991e-10,2.0390623191069458e-10,0.019820473497193545,0.051668824869420205,False,,0.020883218283612833,2.7138707801645396e+16
l_surface,0.3,0.5,outputs/stl/l_surface_0.3_0.5.stl,150,6.283185307179586,30,0.2,3.788339746562149,1.3358882264192842,3500.0,0.0009238875692646595,0.008060398665918506,0.9499999999999998,4674.165978138612,4674.165978138612,0.0,0.0,1.538753324468582e-09,1.2586446505740267e-09,0.10205293455756709,0.2179271484418159,False,,0.38598216079512193,6.907821804658716e+17
l_surface,0.3,1.0,ERROR,150,6.283185307179586,30,0.2,,,,,,,,,,,,,,,,,,
l_surface,0.4,-1.0,outputs/stl/l_surface_0.4_-1.0.stl,150,6.283185307179586,30,0.2,3.7441876521083253,1.3203188036381985,3500.0,0.0009347822078386417,0.00801329010043052,0.9499999999999998,1279.0344753318523,1279.0344753318523,0.0,0.0,3.8728067759260747e-10,3.3659907363976406e-10,0.02912390039450974,0.06400008023547218,False,,0.03419791294632171,5.1726422651292344e+16
l_surface,0.4,-0.5,outputs/stl/l_surface_0.4_-0.5.stl,150,6.283185307179586,30,0.2,3.7442074900892064,1.3203257991367203,3500.0,0.0009347772550705013,0.00801331132897193,0.9499999999999998,3346.2468945505084,3346.2468945505084,0.0,0.0,1.233204065880716e-09,9.83510291869036e-10,0.07351787151208239,0.17119037374740964,False,,0.20335879801215268,3.553534393140633e+17
l_surface,0.4,0.0,outputs/stl/l_surface_0.4_0.0.stl,150,6.283185307179586,30,0.2,3.7380377831456992,1.3181501656355885,3500.0,0.0009363201238310167,0.008006706437790057,0.9499999999999998,908.0460993707369,908.0460993707369,0.0,0.0,4.1863358234274533e-10,3.747595264845991e-10,0.020457399682013558,0.048203433609270575,False,,0.021965727120166346,2.5721595886981956e+16
l_surface,0.4,0.5,outputs/stl/l_surface_0.4_0.5.stl,150,6.283185307179586,30,0.2,3.7386348538504004,1.3183607116209308,3500.0,0.0009361705908228423,0.008007345861365948,0.9499999999999998,2369.7702641847177,2369.7702641847177,0.0,0.0,1.1743005447787073e-09,5.50087117983487e-10,0.05159121849230104,0.1039121060837012,False,,0.10622307600778884,1.7922242687733418e+17
l_surface,0.4,1.0,ERROR,150,6.283185307179586,30,0.2,,,,,,,,,,,,,,,,,,
l_surface,0.5,-1.0,outputs/stl/l_surface_0.5_-1.0.stl,150,6.283185307179586,30,0.2,3.6944729394817033,1.3027878260277583,3500.0,0.0009473611141109114,0.0079599127452574,0.9499999999999998,743.645786854018,743.645786854018,0.0,0.0,2.353697582871115e-10,2.353697582871115e-10,0.017476151317955883,0.03858043405780183,False,,0.01583701321036017,1.7328349247746086e+16
l_surface,0.5,-0.5,outputs/stl/l_surface_0.5_-0.5.stl,150,6.283185307179586,30,0.2,3.6944659527471395,1.3027853622845176,3500.0,0.0009473629056988499,0.007959905218632534,0.9499999999999998,1576.6102019530078,1576.6102019530078,0.0,0.0,5.253418487621526e-10,3.642819696519435e-10,0.03516551012334316,0.08744525643092563,False,,0.051773284440700944,7.887091684850808e+16
l_surface,0.5,0.0,outputs/stl/l_surface_0.5_0.0.stl,150,6.283185307179586,30,0.2,3.6896223668180017,1.3010773609305584,3500.0,0.0009486065651261934,0.007954685637467313,0.9499999999999998,468.2775868935507,468.2775868935507,0.0,0.0,1.7013497532653688e-10,1.0741331598600817e-10,0.012811016295858393,0.028890205552390292,False,,0.01174994627262558,6983862682790931.0
l_surface,0.5,0.5,outputs/stl/l_surface_0.5_0.5.stl,150,6.283185307179586,30,0.2,3.690105293733266,1.3012476562112043,3500.0,0.0009484824202561067,0.007955206206474191,0.9499999999999998,902.7926053880221,902.7926053880221,0.0,0.0,3.280617441285211e-10,2.663148196390928e-10,0.02134648235528083,0.04895439497783273,False,,0.022583255459880422,2.5868674309065116e+16
l_surface,0.5,1.0,ERROR,150,6.283185307179586,30,0.2,,,,,,,,,,,,,,,,,,
l_surface,0.6,-1.0,outputs/stl/l_surface_0.6_-1.0.stl,150,6.283185307179586,30,0.2,3.6459665121510993,1.2493011629508357,3500.0,0.0009599649333956774,0.007907485421004036,0.9499999999999998,1404.1371622148965,1404.1371622148965,0.0,0.0,5.290692949799256e-10,4.6514869356504256e-10,0.031518757952509795,0.07461024216951939,False,,0.04485922105855909,6.299905851272087e+16
l_surface,0.6,-0.5,outputs/stl/l_surface_0.6_-0.5.stl,150,6.283185307179586,30,0.2,3.6459635120286493,1.2492803880279988,3500.0,0.0009599657233137164,0.007907482167623986,0.9499999999999998,1255.180161606306,1255.180161606306,0.0,0.0,4.5299358937007267e-10,2.9166482621031583e-10,0.02822147824361327,0.06163520120738866,False,,0.042777063285184144,5.0354589916232744e+16
l_surface,0.6,0.0,outputs/stl/l_surface_0.6_0.0.stl,150,6.283185307179586,30,0.2,3.6421412566037237,1.2233803622461519,3500.0,0.0009609731620524049,0.007903336165870327,0.9499999999999998,1907.2754024114463,1907.2754024114463,0.0,0.0,7.073788266066434e-10,6.329354604051921e-10,0.04113702911158462,0.08852747538611154,False,,0.07645348522609938,1.1670310282247896e+17
l_surface,0.6,0.5,outputs/stl/l_surface_0.6_0.5.stl,150,6.283185307179586,30,0.2,3.642520964013298,1.2259032897178164,3500.0,0.0009608729873015555,0.007903748131919946,0.9499999999999998,2669.1087072714126,2669.1087072714126,0.0,0.0,8.309840914088793e-10,7.216628179533182e-10,0.05742551170273847,0.1168549988227165,False,,0.14406356727377367,2.304569143927525e+17
l_surface,0.6,1.0,ERROR,150,6.283185307179586,30,0.2,,,,,,,,,,,,,,,,,,
l_surface,0.7,-1.0,outputs/stl/l_surface_0.7_-1.0.stl,150,6.283185307179586,30,0.2,3.5988369137328005,0.9950773865722878,3500.0,0.0009725364288235321,0.007856211114176956,0.9499999999999998,562.1189455643939,562.1189455643939,0.0,0.0,1.7821925493153423e-10,1.3971874104737473e-10,0.014120721906469742,0.03357751127331641,False,,0.01587589580105084,1.0336824556878956e+16
l_surface,0.7,-0.5,outputs/stl/l_surface_0.7_-0.5.stl,150,6.283185307179586,30,0.2,3.598830693597972,0.9950515977886748,3500.0,0.0009725381097327574,0.007856204324939952,0.9499999999999998,1878.255113770584,1878.255113770584,0.0,0.0,8.13252222094907e-10,5.449931399405099e-10,0.040384270347209844,0.10355661328057321,False,,0.07306049099458856,1.1466649617953123e+17
l_surface,0.7,0.0,outputs/stl/l_surface_0.7_0.0.stl,150,6.283185307179586,30,0.2,3.5955838902208273,0.9818131403443595,3500.0,0.0009734163092451286,0.00785265965882179,0.9499999999999998,722.6606762506756,722.6606762506756,0.0,0.0,3.2392801057710356e-10,1.2919882273937007e-10,0.01623745420596188,0.03522997197680729,False,,0.017845562038266673,1.6705168654657026e+16
l_surface,0.7,0.5,outputs/stl/l_surface_0.7_0.5.stl,150,6.283185307179586,30,0.2,3.5959085982182697,0.9831173269422208,3500.0,0.0009733284104424147,0.007853014227635357,0.9499999999999998,820.8416047800783,820.8416047800783,0.0,0.0,2.3595233103109773e-10,2.3364944775789923e-10,0.017411935886863437,0.03621607648776338,False,,0.020104921927674806,2.214674244086034e+16
l_surface,0.7,1.0,ERROR,150,6.283185307179586,30,0.2,,,,,,,,,,,,,,,,,,
l_surface,0.8,-1.0,outputs/stl/l_surface_0.8_-1.0.stl,150,6.283185307179586,30,0.2,3.5526535267112553,0.883860920384297,3500.0,0.0009851790988579746,0.007805639498663645,0.9499999999999998,33.73242530659766,33.73242530659766,0.0,0.0,1.3113661192690946e-11,1.3113661192690946e-11,0.010330391971476022,0.023305183658048127,False,,0.003960847590994425,61990659343813.07
l_surface,0.8,-0.5,outputs/stl/l_surface_0.8_-0.5.stl,150,6.283185307179586,30,0.2,3.552648242875719,0.8838669395732,3500.0,0.0009851805641098027,0.007805633694026296,0.9499999999999998,34.67511896103673,34.67511896103673,0.0,0.0,1.897682619439011e-11,1.897682619439011e-11,0.013206718292195944,0.031473244977620385,False,,0.004490840640684147,57724965432556.78
l_surface,0.8,0.0,outputs/stl/l_surface_0.8_0.0.stl,150,6.283185307179586,30,0.2,3.549913181478968,0.8869753217259109,3500.0,0.0009859396050192492,0.007802628471378368,0.9499999999999998,597.2090155817609,597.2090155817609,0.0,0.0,2.051906789596989e-10,1.8457835623197004e-10,0.012886747327514905,0.02631540804605693,False,,0.012799748848883373,1.1773985132911918e+16
l_surface,0.8,0.5,outputs/stl/l_surface_0.8_0.5.stl,150,6.283185307179586,30,0.2,3.550186691571746,0.8866651500030627,3500.0,0.00098586364720174,0.007802929050071867,0.9499999999999998,5290.659075634134,5290.659075634134,0.0,0.0,1.725578524734039e-09,1.3545033410367741e-09,0.11545468709908169,0.31964970178962715,False,,0.5403528035816524,9.117121850247342e+17
l_surface,0.8,1.0,ERROR,150,6.283185307179586,30,0.2,,,,,,,,,,,,,,,,,,
l_surface,0.9,-1.0,outputs/stl/l_surface_0.9_-1.0.stl,150,6.283185307179586,30,0.2,3.5075221755669177,0.932781974721041,3500.0,0.0009978554161056154,0.007755901321637135,0.9499999999999998,4145.2756195933425,4145.2756195933425,0.0,0.0,1.6427000514558202e-09,1.6427000514558202e-09,0.09026968294280781,0.2194734484502516,False,,0.3455168172461349,5.6237754345400634e+17
l_surface,0.9,-0.5,outputs/stl/l_surface_0.9_-0.5.stl,150,6.283185307179586,30,0.2,3.5075172764758316,0.9327869773337991,3500.0,0.000997856809850589,0.007755895905152446,0.9499999999999998,514.4044252872219,514.4044252872219,0.0,0.0,2.900537028928409e-10,2.0296491518671135e-10,0.012765195245172603,0.0283795701812546,False,,0.010689529713126837,8403531709627656.0
l_surface,0.9,0.0,outputs/stl/l_surface_0.9_0.0.stl,150,6.283185307179586,30,0.2,3.5051119901650987,0.9352345496950936,3500.0,0.0009985415615308606,0.007753236139273164,0.9499999999999998,1401.6138561070798,1401.6138561070798,0.0,0.0,5.494156525446509e-10,2.9769976666735386e-10,0.030957679005373065,0.07899387034953892,False,,0.04784404072301402,6.3707550011512984e+16
l_surface,0.9,0.5,outputs/stl/l_surface_0.9_0.5.stl,150,6.283185307179586,30,0.2,3.505353192636462,0.934989875618384,3500.0,0.0009984728521372091,0.00775350290215431,0.9499999999999998,764.5537868287794,764.5537868287794,0.0,0.0,2.9208703762874834e-10,2.4684709751060893e-10,0.017320661546737243,0.03905993567039581,False,,0.01720431030104292,1.916414966535758e+16
l_surface,0.9,1.0,ERROR,150,6.283185307179586,30,0.2,,,,,,,,,,,,,,,,,,
l_surface,1.0,-1.0,outputs/stl/l_surface_1.0_-1.0.stl,150,6.283185307179586,30,0.2,3.461096887253119,0.9771348781710865,3500.0,0.0010112401108706773,0.0077044020933743455,0.9499999999999998,2672.161903592542,2672.161903592542,0.0,0.0,9.48271701191605e-10,4.712936038248572e-10,0.05960126013559184,0.14271132699654066,False,,0.1485032240936762,2.3308349325830086e+17
l_surface,1.0,-0.5,outputs/stl/l_surface_1.0_-0.5.stl,150,6.283185307179586,30,0.2,3.461096887253119,0.9771348781710865,3500.0,0.0010112401108706773,0.0077044020933743455,0.9499999999999998,1570.993153089845,1570.993153089845,0.0,0.0,5.129118809904196e-10,3.819688652201931e-10,0.03485070309877158,0.07962662266823273,False,,0.0634077260599862,8.12842665663063e+16
l_surface,1.0,0.0,outputs/stl/l_surface_1.0_0.0.stl,150,6.283185307179586,30,0.2,3.461154032310846,0.9770837507270337,3500.0,0.0010112234148860512,0.0077044656955645545,0.9499999999999998,3892.544819332655,3892.544819332655,0.0,0.0,1.474221500634702e-09,1.474221500634702e-09,0.08456525375624563,0.17983716427322965,False,,0.3201152250857712,4.968318040977308e+17
l_surface,1.0,0.5,outputs/stl/l_surface_1.0_0.5.stl,150,6.283185307179586,30,0.2,3.461096887253119,0.9771348781710865,3500.0,0.0010112401108706773,0.0077044020933743455,0.9499999999999998,6368.548453710663,6368.548453710663,0.0,0.0,2.4519972977644896e-09,1.755382618439491e-09,0.13946823785197063,0.3002790083399382,False,,0.8064485456591142,1.3359464401760384e+18
l_surface,1.0,1.0,ERROR,150,6.283185307179586,30,0.2,,,,,,,,,,,,,,,,,,
l_surface,1.2,-1.0,outputs/stl/l_surface_1.2_-1.0.stl,150,6.283185307179586,30,0.2,3.3756414661359324,1.0486201949959604,3500.0,0.0010368399710430206,0.007608695758422154,0.9499999999999998,1327.6452245983585,1327.6452245983585,0.0,0.0,7.442155251020148e-10,7.442155251020148e-10,0.029226872489725213,0.06981464191811754,False,,0.04038402337513861,5.9342691145045864e+16
l_surface,1.2,-0.5,outputs/stl/l_surface_1.2_-0.5.stl,150,6.283185307179586,30,0.2,3.3756414661359324,1.0486201949959604,3500.0,0.0010368399710430206,0.007608695758422154,0.9499999999999998,1236.7366862188376,1236.7366862188376,0.0,0.0,5.724826499815783e-10,3.5220621861637233e-10,0.026964053070068123,0.06596781195834116,False,,0.03884537153064125,5.137514373496414e+16
l_surface,1.2,0.0,outputs/stl/l_surface_1.2_0.0.stl,150,6.283185307179586,30,0.2,3.3756868663511,1.0485825482519344,3500.0,0.001036826026397192,0.007608746924291894,0.9499999999999998,1566.1663364855576,1566.1663364855576,0.0,0.0,5.736798784804324e-10,4.6334176019110313e-10,0.03443508276940469,0.07391307859592246,False,,0.06376196605535384,8.146872028197698e+16
l_surface,1.2,0.5,outputs/stl/l_surface_1.2_0.5.stl,150,6.283185307179586,30,0.2,3.3756414661359324,1.0486201949959604,3500.0,0.0010368399710430206,0.007608695758422154,0.9499999999999998,2246.412901176769,2246.412901176769,0.0,0.0,1.2094108293188776e-09,7.710005459628412e-10,0.04859570908002014,0.15368912065090753,False,,0.10925842158104888,1.6925364422677792e+17
l_surface,1.2,1.0,ERROR,150,6.283185307179586,30,0.2,,,,,,,,,,,,,,,,,,
l_surface,1.4,-1.0,outputs/stl/l_surface_1.4_-1.0.stl,150,6.283185307179586,30,0.2,3.2933115590571957,1.1294704590494813,3500.0,0.0010627600630053887,0.007515337200540699,0.9499999999999998,2007.0865961599845,2007.0865961599845,0.0,0.0,9.45125390264461e-10,9.45125390264461e-10,0.043657405341543436,0.09593608541027912,False,,0.09536987290975538,1.3604429804507611e+17
l_surface,1.4,-0.5,outputs/stl/l_surface_1.4_-0.5.stl,150,6.283185307179586,30,0.2,3.2933115590571957,1.1294704590494813,3500.0,0.0010627600630053887,0.007515337200540699,0.9499999999999998,3199.972829609314,3199.972829609314,0.0,0.0,1.7079495204257451e-09,1.4432057221511409e-09,0.07026220334451631,0.17380486193970315,False,,0.22698949197030807,3.4577272857206746e+17
l_surface,1.4,0.0,outputs/stl/l_surface_1.4_0.0.stl,150,6.283185307179586,30,0.2,3.2933115590571957,1.1294704590494813,3500.0,0.0010627600630053887,0.007515337200540699,0.9499999999999998,1316.9042323288886,1316.9042323288886,0.0,0.0,6.02551202701416e-10,5.79122242520784e-10,0.028152543514121567,0.06509219621596812,False,,0.04367434267208171,5.934252707274227e+16
l_surface,1.4,0.5,outputs/stl/l_surface_1.4_0.5.stl,150,6.283185307179586,30,0.2,3.2933115590571957,1.1294704590494813,3500.0,0.0010627600630053887,0.007515337200540699,0.9499999999999998,3471.3635621194962,3471.3635621194962,0.0,0.0,1.5643264761994452e-09,1.5643264761994452e-09,0.07498528126072958,0.20182549612252007,False,,0.26201379430300165,4.0826287037502106e+17
l_surface,1.4,1.0,ERROR,150,6.283185307179586,30,0.2,,,,,,,,,,,,,,,,,,
l_surface,1.6,-1.0,outputs/stl/l_surface_1.6_-1.0.stl,150,6.283185307179586,30,0.2,3.2139579756506094,1.3053541724733269,3500.0,0.0010889999267309916,0.007424242673997662,0.9499999999999998,2412.5673358392564,2412.5673358392564,0.0,0.0,7.986392241249039e-10,6.178360998977779e-10,0.05274677563370255,0.136708350149456,False,,0.13429555987170053,1.9900754429759136e+17
l_surface,1.6,-0.5,outputs/stl/l_surface_1.6_-0.5.stl,150,6.283185307179586,30,0.2,3.2139579756506094,1.3053541724733269,3500.0,0.0010889999267309916,0.007424242673997662,0.9499999999999998,3235.9054261270994,3235.9054261270994,0.0,0.0,1.087081826220244e-09,9.194850040418025e-10,0.07076014100989617,0.16080483037664478,False,,0.24034154477556596,3.592691203795068e+17
l_surface,1.6,0.0,outputs/stl/l_surface_1.6_0.0.stl,150,6.283185307179586,30,0.2,3.2139579756506094,1.3053541724733269,3500.0,0.0010889999267309916,0.007424242673997662,0.9499999999999998,1471.3500889717006,1471.3500889717006,0.0,0.0,5.320749902623643e-10,3.7409862281766604e-10,0.03287656198934566,0.08160154511691237,False,,0.06266441000096944,7.509403142797531e+16
l_surface,1.6,0.5,outputs/stl/l_surface_1.6_0.5.stl,150,6.283185307179586,30,0.2,3.2139579756506094,1.3053541724733269,3500.0,0.0010889999267309916,0.007424242673997662,0.9499999999999998,2208.3518614617165,2208.3518614617165,0.0,0.0,1.0719555621017203e-09,2.9852691811678694e-10,0.04843931897783091,0.10494881445107286,False,,0.1210017766161365,1.6696963981334806e+17
l_surface,1.6,1.0,ERROR,150,6.283185307179586,30,0.2,,,,,,,,,,,,,,,,,,
l_surface,1.8,-1.0,outputs/stl/l_surface_1.8_-1.0.stl,150,6.283185307179586,30,0.2,3.1384699676035055,1.4047309782299437,3500.0,0.0011151930832948367,0.007336535963545747,0.9499999999999998,460.79775683729906,460.79775683729906,0.0,0.0,1.9222920918876615e-10,8.788865578778613e-11,0.016216431525126803,0.038284660109346086,False,,0.016823250830100854,7573287146213110.0
l_surface,1.8,-0.5,outputs/stl/l_surface_1.8_-0.5.stl,150,6.283185307179586,30,0.2,3.1384677356609005,1.4047327463503452,3500.0,0.0011151938763719576,0.007336533354833497,0.9499999999999998,622.7345571021607,622.7345571021607,0.0,0.0,2.71855553212321e-10,2.6727913346526404e-10,0.020800219196602573,0.041602518467126225,False,,0.02141803054989948,1.3549331289655598e+16
l_surface,1.8,0.0,outputs/stl/l_surface_1.8_0.0.stl,150,6.283185307179586,30,0.2,3.13746489344358,1.4055218268068153,3500.0,0.0011155503308782884,0.007335361131025342,0.9499999999999998,82.00263784091106,82.00263784091106,0.0,0.0,2.8724613533166252e-11,2.3641400416344267e-11,0.0105860819345369,0.02567774653151141,False,,0.004657691133180946,271220640905364.34
l_surface,1.8,0.5,outputs/stl/l_surface_1.8_0.5.stl,150,6.283185307179586,30,0.2,3.1375656350382575,1.4054430407903817,3500.0,0.0011155145125616864,0.007335478896493815,0.9499999999999998,774.6140319755968,774.6140319755968,0.0,0.0,2.5929227611636093e-10,1.4164263997336513e-10,0.016911152726770004,0.03817937184920161,False,,0.02115761601258548,2.0771520658799844e+16
l_surface,1.8,1.0,ERROR,150,6.283185307179586,30,0.2,,,,,,,,,,,,,,,,,,
l_surface,2.0,-1.0,outputs/stl/l_surface_2.0_-1.0.stl,150,6.283185307179586,30,0.2,3.0645144203632353,1.387096000795991,3500.0,0.0011421058999569486,0.007249580836795288,0.9499999999999998,1053.2810661645985,1053.2810661645985,0.0,0.0,3.6814659943881014e-10,1.820808993402896e-10,0.023965401178674572,0.06893800365631732,False,,0.035886918395205455,3.835920232999252e+16
l_surface,2.0,-0.5,outputs/stl/l_surface_2.0_-0.5.stl,150,6.283185307179586,30,0.2,3.0645123512966066,1.3870950642710957,3500.0,0.0011421066710725239,0.00724957838944699,0.9499999999999998,657.2663861340915,657.2663861340915,0.0,0.0,2.496428880310457e-10,1.9795631538309172e-10,0.016642096579976576,0.03352470415126696,False,,0.02164361150471678,1.5210045734685694e+16
l_surface,2.0,0.0,outputs/stl/l_surface_2.0_0.0.stl,150,6.283185307179586,30,0.2,3.0636417980145065,1.3867010243644609,3500.0,0.0011424312079396128,0.007248548602027084,0.9499999999999998,1449.9922602766712,1449.9922602766712,0.0,0.0,5.263929665457728e-10,4.762336516016499e-10,0.031977190378067136,0.07928394523590693,False,,0.06066234183301881,7.359004387206101e+16
l_surface,2.0,0.5,outputs/stl/l_surface_2.0_0.5.stl,150,6.283185307179586,30,0.2,3.0637288324276963,1.3867404188883257,3500.0,0.001142398753752173,0.007248651562610456,0.9499999999999998,2188.5069274798493,2188.5069274798493,0.0,0.0,5.656591009370042e-10,4.0883358168625064e-10,0.04719617685730633,0.11424258140043057,False,,0.1207195191842115,1.695507536836089e+17
l_surface,2.0,1.0,ERROR,150,6.283185307179586,30,0.2,,,,,,,,,,,,,,,,,,
lamella,0.1,-1.0,outputs/stl/lamella_0.1_-1.0.stl,150,6.283185307179586,30,0.2,3.8911213382157834,1.3721322613708289,3500.0,0.0008994836438600689,0.008140689611476513,0.9499999999999998,5919.4435893586615,5919.4435893586615,0.0,0.0,2.543756108521986e-09,8.748996773766963e-10,0.12941670630813082,0.31172604560214895,False,,0.5827725552121337,1.0885200150745085e+18
lamella,0.1,-0.5,outputs/stl/lamella_0.1_-0.5.stl,150,6.283185307179586,30,0.2,3.915433933807087,1.380705650342499,3500.0,0.0008938983671209212,0.00819370071891975,0.9499999999999998,4661.567991513152,4661.567991513152,0.0,0.0,2.492187421905156e-09,2.492187421905156e-09,0.10147792005697046,0.22297503427054458,False,,0.35967184868845015,6.735681388527578e+17
lamella,0.1,0.0,outputs/stl/lamella_0.1_0.0.stl,150,6.283185307179586,30,0.2,3.9160105728173615,1.380908991467175,3500.0,0.0008937667391132542,0.0081951373285333,0.9499999999999998,1603.663011156829,1603.663011156829,0.0,0.0,6.860015169045533e-10,5.15030898983704e-10,0.03485957134597101,0.07366935638027056,False,,0.05138961188458841,7.99927249547978e+16
lamella,0.1,0.5,outputs/stl/lamella_0.1_0.5.stl,150,6.283185307179586,30,0.2,3.9100029899959536,1.3787905280512047,3500.0,0.0008951399804437546,0.008182907901462949,0.9499999999999998,3456.833215232032,3456.833215232032,0.0,0.0,1.2456336662065633e-09,1.0324682768904794e-09,0.07616709199111618,0.16686041265434243,False,,0.19937136609589154,3.7105513102558336e+17
lamella,0.1,1.0,outputs/stl/lamella_0.1_1.0.stl,150,6.283185307179586,30,0.2,3.9031550031745588,1.3763757116457653,3500.0,0.0008967104809194973,0.008191466461432222,0.9499999999999998,2694.964024067193,2694.964024067193,0.0,0.0,1.1303536568965527e-09,6.894110097291733e-10,0.058295177273401555,0.13481202059442368,False,,0.12315474842931921,2.253274919534945e+17
lamella,0.2,-1.0,outputs/stl/lamella_0.2_-1.0.stl,150,6.283185307179586,30,0.2,3.8375511526075123,1.3532417222352806,3500.0,0.0009120399600724135,0.008091803223019816,0.9499999999999998,1968.2573210810974,1968.2573210810974,0.0,0.0,5.552348211142014e-10,2.8490772944579775e-10,0.042186622681379495,0.08438404582938056,False,,0.07437579742153011,1.2211301714898402e+17
lamella,0.2,-0.5,outputs/stl/lamella_0.2_-0.5.stl,150,6.283185307179586,30,0.2,3.8563709367621652,1.3598781724371847,3500.0,0.0009075890409387389,0.008131832240043945,0.9499999999999998,4041.646030445601,4041.646030445601,0.0,0.0,1.3941203561531309e-09,7.520491556599126e-10,0.08839115488360993,0.183624235640128,False,,0.28541944990604473,5.112922415759517e+17
lamella,0.2,0.0,outputs/stl/lamella_0.2_0.0.stl,150,6.283185307179586,30,0.2,3.84707783810227,1.3566011323834322,3500.0,0.0009097814360123578,0.008132722371729696,0.9499999999999998,18.154278276423348,9.024655821550727,0.0,0.0,6.994642888054319e-12,2.6940469060547368e-12,0.010598801020248502,0.021199679507291184,False,,0.003671296319227404,15620275193225.127
lamella,0.2,0.5,outputs/stl/lamella_0.2_0.5.stl,150,6.283185307179586,30,0.2,3.849240679244384,1.357363818470388,3500.0,0.0009092702409782959,0.008118841602850632,0.9499999999999998,1094.3452555875706,1094.3452555875706,0.0,0.0,4.666374435999841e-10,4.666374435999841e-10,0.0242826472822139,0.05975645223633509,False,,0.02759101857983726,3.70247659846297e+16
lamella,0.2,1.0,outputs/stl/lamella_0.2_1.0.stl,150,6.283185307179586,30,0.2,3.847173542212975,1.3566348806751019,3500.0,0.0009097588038585663,0.008127872285589298,0.9499999999999998,1923.6441495581278,1923.6441495581278,0.0,0.0,6.814822455347903e-10,6.686954378484814e-10,0.04183637420522616,0.11395587795410715,False,,0.06825007184391763,1.1503579859005722e+17
lamella,0.3,-1.0,outputs/stl/lamella_0.3_-1.0.stl,150,6.283185307179586,30,0.2,3.78811772985456,1.3358099363171345,3500.0,0.0009239417171267215,0.00805108996356424,0.9499999999999998,875.9321896553573,875.9321896553573,0.0,0.0,3.8402081348181555e-10,1.8807504115497587e-10,0.019429249668218494,0.056542930373278955,False,,0.018829941539138723,2.385540844143283e+16
lamella,0.3,-0.5,outputs/stl/lamella_0.3_-0.5.stl,150,6.283185307179586,30,0.2,3.79672627740202,1.3388455820312386,3500.0,0.0009218468080861861,0.008069351697117947,0.9499999999999998,113.17276171545831,113.17276171545831,0.0,0.0,4.776611112525601e-11,2.990716484820028e-11,0.010328504298770603,0.026143709153681725,False,,0.0038813945618576236,425399855643125.9
lamella,0.3,0.0,outputs/stl/lamella_0.3_0.0.stl,150,6.283185307179586,30,0.2,3.796731045024332,1.3388472632454225,3500.0,0.0009218456505068478,0.008069321445736499,0.9499999999999998,4557.583120095716,4557.583120095716,0.0,0.0,1.7185792914301157e-09,1.7185792914301157e-09,0.0995543828817154,0.2000283761110855,False,,0.35942045911599596,6.53447783179523e+17
lamella,0.3,0.5,outputs/stl/lamella_0.3_0.5.stl,150,6.283185307179586,30,0.2,3.7931924852500543,1.337599455325019,3500.0,0.0009227056137039862,0.008061826982895573,0.9499999999999998,2499.340355332464,2499.340355332464,0.0,0.0,1.2070329142666835e-09,1.2070329142666835e-09,0.05393049520902436,0.14465887712120612,False,,0.111655385011845,1.9689982877817606e+17
lamella,0.3,1.0,outputs/stl/lamella_0.3_1.0.stl,150,6.283185307179586,30,0.2,3.7925291084201356,1.3373655277060477,3500.0,0.0009228670103623819,0.008065551821517889,0.9499999999999998,2505.6145976824027,2505.6145976824027,0.0,0.0,1.0149883908800944e-09,9.600836369511435e-10,0.05476388522632867,0.13090303629388045,False,,0.11774314754491487,1.9746986984824755e+17
lamella,0.4,-1.0,outputs/stl/lamella_0.4_-1.0.stl,150,6.283185307179586,30,0.2,3.7384699158300183,1.318302549266375,3500.0,0.0009362118938498738,0.008000979436292304,0.9499999999999998,607.0471851085024,607.0471851085024,0.0,0.0,2.1250048399427915e-10,1.2173848552818784e-10,0.013337105641600056,0.03203656601274805,False,,0.012760156831111648,1.1952927815642616e+16
lamella,0.4,-0.5,outputs/stl/lamella_0.4_-0.5.stl,150,6.283185307179586,30,0.2,3.7442625354310857,1.3203452098625408,3500.0,0.000934763512675811,0.008013365411532346,0.9499999999999998,190.87403148555015,190.87403148555015,0.0,0.0,9.9920657014091e-11,4.593129960722554e-11,0.010658195247561002,0.02300184715143188,False,,0.005373268970212659,1136239390220187.2
lamella,0.4,0.0,outputs/stl/lamella_0.4_0.0.stl,150,6.283185307179586,30,0.2,3.744271331966735,1.320348311798796,3500.0,0.0009347613166061798,0.00801337959975516,0.9499999999999998,897.58544339833,897.58544339833,0.0,0.0,3.774449089250415e-10,3.194076381142319e-10,0.01903298701950014,0.04306010353186739,False,,0.02208385921488316,2.5953570748891544e+16
lamella,0.4,0.5,outputs/stl/lamella_0.4_0.5.stl,150,6.283185307179586,30,0.2,3.7418812606816996,1.3195054971877571,3500.0,0.0009353583815650973,0.008008267740198548,0.9499999999999998,1401.5991954630324,1401.5991954630324,0.0,0.0,4.844235865430822e-10,4.0662252056783793e-10,0.03057234002120959,0.06120389674896225,False,,0.04227613251818592,6.2045432023724744e+16
lamella,0.4,1.0,outputs/stl/lamella_0.4_1.0.stl,150,6.283185307179586,30,0.2,3.741519145173696,1.3193778038244084,3500.0,0.0009354489083704839,0.008009480677842316,0.9499999999999998,3111.9074018439587,3111.9074018439587,0.0,0.0,9.316266807819077e-10,8.610544387216347e-10,0.06874376694625145,0.1422882956376711,False,,0.1826887986030417,3.042336374989323e+17
lamella,0.5,-1.0,outputs/stl/lamella_0.5_-1.0.stl,150,6.283185307179586,30,0.2,3.689969004603311,1.3011995963601148,3500.0,0.0009485174524863703,0.007950191233530234,0.9499999999999998,183.02926074966305,183.02926074966305,0.0,0.0,8.116759198873573e-11,3.291798128514639e-11,0.014563939850222902,0.03125467691579412,False,,0.00665522251480941,1154668897291915.0
lamella,0.5,-0.5,outputs/stl/lamella_0.5_-0.5.stl,150,6.283185307179586,30,0.2,3.694531244554444,1.3028083862376199,3500.0,0.000947346163375618,0.007960001951811877,0.9499999999999998,1416.7823524947416,1416.7823524947416,0.0,0.0,6.489477477548024e-10,5.532956714823544e-10,0.030074124816903074,0.06580529735314225,False,,0.04149876180109739,6.4968004722306184e+16
lamella,0.5,0.0,outputs/stl/lamella_0.5_0.0.stl,150,6.283185307179586,30,0.2,3.694532683858351,1.302808893781629,3500.0,0.0009473457943116118,0.007959978919955656,0.9499999999999998,5900.1440868894515,5900.1440868894515,0.0,0.0,2.0727036863485673e-09,1.5518018654472341e-09,0.12870081720420085,0.29135589114638694,False,,0.6297035505962834,1.1103422050273952e+18
lamella,0.5,0.5,outputs/stl/lamella_0.5_0.5.stl,150,6.283185307179586,30,0.2,3.692660099066641,1.3021485612498154,3500.0,0.0009478262028191173,0.007955967611988612,0.9499999999999998,3759.9331499364434,3759.9331499364434,0.0,0.0,1.6802853481605443e-09,1.6802853481605443e-09,0.0847121241261763,0.1998644634867833,False,,0.2596684349715381,4.4777763050080083e+17
lamella,0.5,1.0,outputs/stl/lamella_0.5_1.0.stl,150,6.283185307179586,30,0.2,3.6923787998575466,1.3020493662655561,3500.0,0.0009478984117596578,0.007956007683951404,0.9499999999999998,1448.6077286061227,1448.6077286061227,0.0,0.0,6.278334587698985e-10,4.898148144260355e-10,0.03132453679946431,0.0774304317541655,False,,0.04826806132704363,6.728738187250255e+16
lamella,0.6,-1.0,outputs/stl/lamella_0.6_-1.0.stl,150,6.283185307179586,30,0.2,3.642414311931226,1.2251935538032028,3500.0,0.000960901122240617,0.007899762821599494,0.9499999999999998,835.3316747503377,835.3316747503377,0.0,0.0,3.2206370603381497e-10,1.8974073571060395e-10,0.019092650468238152,0.04866559006555136,False,,0.021018901929229047,2.222141440712704e+16
lamella,0.6,-0.5,outputs/stl/lamella_0.6_-0.5.stl,150,6.283185307179586,30,0.2,3.64601226105243,1.249618048086706,3500.0,0.0009599528880875779,0.0079075511725042,0.9499999999999998,60.30816075995535,60.30816075995535,0.0,0.0,1.8192438057808486e-11,7.283273324453944e-12,0.014928978470308935,0.037739177409454906,False,,0.008594720575583789,195601136069768.62
lamella,0.6,0.0,outputs/stl/lamella_0.6_0.0.stl,150,6.283185307179586,30,0.2,3.646014083080868,1.2496306720053436,3500.0,0.0009599524083687886,0.007907537193188707,0.9499999999999998,1524.022266901075,1524.022266901075,0.0,0.0,6.477272979262629e-10,6.477272979262629e-10,0.033393621703119755,0.07130418595567202,False,,0.05116244140722715,7.518407176939646e+16
lamella,0.6,0.5,outputs/stl/lamella_0.6_0.5.stl,150,6.283185307179586,30,0.2,3.644536317757906,1.2394776223346884,3500.0,0.0009603416442707247,0.007904345006061358,0.9499999999999998,2627.709902070925,2627.709902070925,0.0,0.0,1.1355717603489083e-09,8.632410032679328e-10,0.05715254133313308,0.1162139672852178,False,,0.13278866043741705,2.2228027562867283e+17
lamella,0.6,1.0,outputs/stl/lamella_0.6_1.0.stl,150,6.283185307179586,30,0.2,3.6443165703678897,1.2379823773121215,3500.0,0.0009603995515808548,0.007903863246004256,0.9499999999999998,3797.0705986587086,3797.0705986587086,0.0,0.0,1.6420700282373083e-09,1.5540835270437744e-09,0.08172301899535561,0.21120112805575095,False,,0.2710918393163821,4.666727926057069e+17
lamella,0.7,-1.0,outputs/stl/lamella_0.7_-1.0.stl,150,6.283185307179586,30,0.2,3.595817109060579,0.9827494226411718,3500.0,0.0009733531750491026,0.007849610703050318,0.9499999999999998,2386.431127268548,2386.431127268548,0.0,0.0,9.79585383373516e-10,5.112272185893848e-10,0.051805339718330526,0.10549783252075555,False,,0.11416647283244591,1.8551689092340477e+17
lamella,0.7,-0.5,outputs/stl/lamella_0.7_-0.5.stl,150,6.283185307179586,30,0.2,3.59887565895299,0.9952380621805481,3500.0,0.0009725259585706955,0.00785627416807165,0.9499999999999998,940.9047714377912,940.9047714377912,0.0,0.0,4.156019262231528e-10,4.065711673558429e-10,0.021480740009117687,0.04882887802692943,False,,0.029424834263768004,2.836009594436932e+16
lamella,0.7,0.0,outputs/stl/lamella_0.7_0.0.stl,150,6.283185307179586,30,0.2,3.598875961232655,0.9952393159804948,3500.0,0.0009725258768855184,0.007856255075870087,0.9499999999999998,1358.6273638674968,1358.6273638674968,0.0,0.0,5.894231430966413e-10,5.730318350734192e-10,0.02955808758022384,0.07899681012597125,False,,0.04299782766476151,5.9366799485495256e+16
lamella,0.7,0.5,outputs/stl/lamella_0.7_0.5.stl,150,6.283185307179586,30,0.2,3.597621870490319,0.9900710540901668,3500.0,0.0009728648885278724,0.007853537172730619,0.9499999999999998,1274.2060333691873,1274.2060333691873,0.0,0.0,5.029992275864295e-10,2.9377006928011243e-10,0.02787568904104866,0.07371007743518929,False,,0.03870901019932332,5.219208136197588e+16
lamella,0.7,1.0,outputs/stl/lamella_0.7_1.0.stl,150,6.283185307179586,30,0.2,3.5974346118920897,0.9893050493306771,3500.0,0.0009729155294247743,0.007853120622250343,0.9499999999999998,523.2270225065838,523.2270225065838,0.0,0.0,1.5250986497211785e-10,7.133339738441268e-11,0.011832226342372293,0.03498807457388786,False,,0.012253999598383719,8930529599445751.0
lamella,0.8,-1.0,outputs/stl/lamella_0.8_-1.0.stl,150,6.283185307179586,30,0.2,3.550109525095366,0.886752675377099,3500.0,0.0009858850762938026,0.007800042186801954,0.9499999999999998,156.97746183078124,156.97746183078124,0.0,0.0,4.8323423439834995e-11,3.869404206789002e-11,0.015366306477206488,0.031044026355331863,False,,0.0072055085339414356,779959188533484.0
lamella,0.8,-0.5,outputs/stl/lamella_0.8_-0.5.stl,150,6.283185307179586,30,0.2,3.5526859085792957,0.8838240307567082,3500.0,0.0009851701191900852,0.007805691639423867,0.9499999999999998,5063.8540054207915,5063.8540054207915,0.0,0.0,2.0884585065390476e-09,1.3139514772002192e-09,0.11095757907572643,0.24217416038681566,False,,0.4959385069626655,8.341736118244746e+17
lamella,0.8,0.0,outputs/stl/lamella_0.8_0.0.stl,150,6.283185307179586,30,0.2,3.5526864685951596,0.8838233927655326,3500.0,0.0009851699638960842,0.007805676541427957,0.9499999999999998,721.2994604092903,721.2994604092903,0.0,0.0,2.3329058783937893e-10,1.4506325531040052e-10,0.022372365856319566,0.045559707146712106,False,,0.022492347504674857,1.6862077814580604e+16
lamella,0.8,0.5,outputs/stl/lamella_0.8_0.5.stl,150,6.283185307179586,30,0.2,3.5516295652085716,0.8850263832077964,3500.0,0.0009854631333981647,0.007803369405119527,0.9499999999999998,2553.4840847022638,2553.4840847022638,0.0,0.0,1.2075834751553664e-09,1.2075834751553664e-09,0.0555126155883866,0.13405571315830317,False,,0.1283284275267169,2.1280808204705546e+17
lamella,0.8,1.0,outputs/stl/lamella_0.8_1.0.stl,150,6.283185307179586,30,0.2,3.5514719416580096,0.8852056077124424,3500.0,0.000985506870811999,0.007803017240561843,0.9499999999999998,1650.4174277571535,1650.4174277571535,0.0,0.0,5.628787359568693e-10,3.973650596486585e-10,0.035684135989380514,0.07422146548139827,False,,0.06271968938542287,8.924922962877915e+16
lamella,0.9,-1.0,outputs/stl/lamella_0.9_-1.0.stl,150,6.283185307179586,30,0.2,3.505284747389662,0.9350593234047323,3500.0,0.0009984923486191536,0.007750947978256432,0.9499999999999998,2709.349052145514,2709.349052145514,0.0,0.0,9.226160050180403e-10,8.471446223607648e-10,0.059038901854547604,0.1297347087212684,False,,0.14822912832472904,2.4126567650943517e+17
lamella,0.9,-0.5,outputs/stl/lamella_0.9_-0.5.stl,150,6.283185307179586,30,0.2,3.5075521132436287,0.9327514029012703,3500.0,0.0009978468992049715,0.007755952385555193,0.9499999999999998,1199.0356070085033,1199.0356070085033,0.0,0.0,5.058464612763948e-10,5.058464612763948e-10,0.027256070435751675,0.058417496650598706,False,,0.03782205372001463,4.661494884636798e+16
lamella,0.9,0.0,outputs/stl/lamella_0.9_0.0.stl,150,6.283185307179586,30,0.2,3.5075522748253936,0.9327512378896993,3500.0,0.000997846853237342,0.00775593627886766,0.9499999999999998,1356.2340409877456,1356.2340409877456,0.0,0.0,4.949929100721703e-10,4.949929100721703e-10,0.02843258803857835,0.061954528281984576,False,,0.04605359778380467,6.115988572857542e+16
lamella,0.9,0.5,outputs/stl/lamella_0.9_0.5.stl,150,6.283185307179586,30,0.2,3.506623038074104,0.9336989272875816,3500.0,0.0009981112774306812,0.007753898400521477,0.9499999999999998,2586.6950337779535,2586.6950337779535,0.0,0.0,9.220068403697156e-10,7.862971907115892e-10,0.057731697056974805,0.11546547247374885,False,,0.140549026044316,2.186666841930952e+17
lamella,0.9,1.0,outputs/stl/lamella_0.9_1.0.stl,150,6.283185307179586,30,0.2,3.506483778930534,0.9338407326243336,3500.0,0.0009981509171753502,0.0077535838964211765,0.9499999999999998,2256.372025231262,2256.372025231262,0.0,0.0,7.151037605619645e-10,5.965024560103254e-10,0.04953237453254655,0.11920375972576679,False,,0.10979317747795825,1.6710922637480237e+17
lamella,1.0,-1.0,outputs/stl/lamella_1.0_-1.0.stl,150,6.283185307179586,30,0.2,3.461096887253119,0.9771348781710865,3500.0,0.0010112401108706773,0.007701992929989496,0.9499999999999998,2941.9440650736833,2941.9440650736833,0.0,0.0,1.133366935970276e-09,5.647430767888173e-10,0.06446835506407776,0.13416678159611217,False,,0.18360278464394636,2.8339200051586243e+17
lamella,1.0,-0.5,outputs/stl/lamella_1.0_-0.5.stl,150,6.283185307179586,30,0.2,3.461096887253119,0.9771348781710865,3500.0,0.0010112401108706773,0.00770198438395644,0.9499999999999998,1966.792934098347,1966.792934098347,0.0,0.0,7.134375078996928e-10,6.791568594923098e-10,0.043021870750258415,0.11211078318059617,False,,0.08844620437411904,1.2823708621141104e+17
lamella,1.0,0.0,outputs/stl/lamella_1.0_0.0.stl,150,6.283185307179586,30,0.2,3.461096887253119,0.9771348781710865,3500.0,0.0010112401108706773,0.0077044020933743455,0.9499999999999998,280.6151065389405,280.6151065389405,0.0,0.0,1.151256292050584e-10,1.151256292050584e-10,0.01865575389184858,0.043556844124473186,False,,0.010529555546502532,2684559559161778.0
lamella,1.0,0.5,outputs/stl/lamella_1.0_0.5.stl,150,6.283185307179586,30,0.2,3.4621896014980313,0.9761559204227017,3500.0,0.001010920949703508,0.007704416200191429,0.9499999999999998,3583.107130363465,3583.107130363465,0.0,0.0,1.4470113033746532e-09,9.971659357281375e-10,0.07674180600335191,0.15470681338206405,False,,0.2632603117874676,4.2631180540005286e+17
lamella,1.0,1.0,outputs/stl/lamella_1.0_1.0.stl,150,6.283185307179586,30,0.2,3.4621802827598938,0.9761642807767441,3500.0,0.001010923670678974,0.007704390356534123,0.9499999999999998,2279.280392331312,2279.280392331312,0.0,0.0,8.249609731663258e-10,2.6929207847737703e-10,0.050418775963086235,0.14169380238347853,False,,0.11071481299769818,1.700259498788916e+17
lamella,1.2,-1.0,outputs/stl/lamella_1.2_-1.0.stl,150,6.283185307179586,30,0.2,3.3756414661359324,1.0486201949959604,3500.0,0.0010368399710430206,0.007606741482916592,0.9499999999999998,78.84191129572501,78.84191129572501,0.0,0.0,2.8226819651543787e-11,1.7712829593721106e-11,0.011704137201746862,0.02399226692207303,False,,0.004179212799385256,227024654024840.16
lamella,1.2,-0.5,outputs/stl/lamella_1.2_-0.5.stl,150,6.283185307179586,30,0.2,3.3756414661359324,1.0486201949959604,3500.0,0.0010368399710430206,0.007606734303237991,0.9499999999999998,483.6275150199362,483.6275150199362,0.0,0.0,2.2031415237833711e-10,1.4637301910832225e-10,0.012907986819913309,0.03640593812597314,False,,0.01139914791981544,8021020422562149.0
lamella,1.2,0.0,outputs/stl/lamella_1.2_0.0.stl,150,6.283185307179586,30,0.2,3.3756414661359324,1.0486201949959604,3500.0,0.0010368399710430206,0.007608695758422154,0.9499999999999998,1982.067322975572,1982.067322975572,0.0,0.0,9.84281073686396e-10,9.161115985957441e-10,0.04533674711086951,0.10213790415825147,False,,0.08850965118693538,1.2951506941136387e+17
lamella,1.2,0.5,outputs/stl/lamella_1.2_0.5.stl,150,6.283185307179586,30,0.2,3.3765173350516724,1.0478943738781357,3500.0,0.001036571014656567,0.007608708388029608,0.9499999999999998,2730.669132635262,2730.669132635262,0.0,0.0,8.975282444317712e-10,4.918415464222216e-10,0.059904442932812225,0.17101588588102476,False,,0.1583744416852755,2.489556002938331e+17
lamella,1.2,1.0,outputs/stl/lamella_1.2_1.0.stl,150,6.283185307179586,30,0.2,3.3765098866205037,1.047900542204082,3500.0,0.0010365733012862863,0.007608686898455638,0.9499999999999998,3259.325081733322,3259.325081733322,0.0,0.0,9.301126688102594e-10,4.4314062227184954e-10,0.07156982655328498,0.17357680710301193,False,,0.22588565003064012,3.550505802164048e+17
lamella,1.4,-1.0,outputs/stl/lamella_1.4_-1.0.stl,150,6.283185307179586,30,0.2,3.2933115590571957,1.1294704590494813,3500.0,0.0010627600630053887,0.007513704518360147,0.9499999999999998,1978.5115419858375,1978.5115419858375,0.0,0.0,5.871619351553382e-10,2.700383147507247e-10,0.04283568439510176,0.10339878861533167,False,,0.0917430525211702,1.3311306389737645e+17
lamella,1.4,-0.5,outputs/stl/lamella_1.4_-0.5.stl,150,6.283185307179586,30,0.2,3.2933115590571957,1.1294704590494813,3500.0,0.0010627600630053887,0.007513698023700935,0.9499999999999998,1404.311561568749,1404.311561568749,0.0,0.0,5.118599326840354e-10,3.2571489666889825e-10,0.03097989965041132,0.09738295762464741,False,,0.0501426299553699,6.69070214802334e+16
lamella,1.4,0.0,outputs/stl/lamella_1.4_0.0.stl,150,6.283185307179586,30,0.2,3.2933115590571957,1.1294704590494813,3500.0,0.0010627600630053887,0.007515337200540699,0.9499999999999998,106.36494531358545,106.36494531358545,0.0,0.0,4.81936227552997e-11,3.213926522920193e-11,0.015720798192009958,0.03229924133412328,False,,0.0061342856924648595,483299346701255.1
lamella,1.4,0.5,outputs/stl/lamella_1.4_0.5.stl,150,6.283185307179586,30,0.2,3.2940343761422946,1.128552599861716,3500.0,0.0010625268592669988,0.007515347964714039,0.9499999999999998,3391.9216446398773,3391.9216446398773,0.0,0.0,1.1489837562591318e-09,1.1489837562591318e-09,0.07370804577043248,0.1982857442249957,False,,0.25099555772162235,3.9077232426319635e+17
lamella,1.4,1.0,outputs/stl/lamella_1.4_1.0.stl,150,6.283185307179586,30,0.2,3.2940282815462973,1.1285603131768163,3500.0,0.0010625288251493135,0.007515330194445826,0.9499999999999998,1654.774718449248,1654.774718449248,0.0,0.0,6.023507503032364e-10,1.8234053098609366e-10,0.036521854817283504,0.07745666964816911,False,,0.06841523387336429,9.258607802686915e+16
lamella,1.6,-1.0,outputs/stl/lamella_1.6_-1.0.stl,150,6.283185307179586,30,0.2,3.2139579756506094,1.3053541724733269,3500.0,0.0010889999267309916,0.007422849455634021,0.9499999999999998,2238.1459917622687,2238.1459917622687,0.0,0.0,1.0778105605107435e-09,5.100005418232294e-10,0.04913391254599187,0.15871829087853023,False,,0.12058238679022122,1.7045764506233626e+17
lamella,1.6,-0.5,outputs/stl/lamella_1.6_-0.5.stl,150,6.283185307179586,30,0.2,3.2139579756506094,1.3053541724733269,3500.0,0.0010889999267309916,0.007422844296051024,0.9499999999999998,4089.3866500621907,4089.3866500621907,0.0,0.0,1.4742501799818466e-09,1.0763362415030588e-09,0.08967228610475121,0.21198139764957605,False,,0.3714044757270856,5.701052677286238e+17
lamella,1.6,0.0,outputs/stl/lamella_1.6_0.0.stl,150,6.283185307179586,30,0.2,3.2139579756506094,1.3053541724733269,3500.0,0.0010889999267309916,0.007424242673997662,0.9499999999999998,4779.416687300897,4779.416687300897,0.0,0.0,2.283962581099121e-09,9.823254672816692e-10,0.10519916328669075,0.23476426351219554,False,,0.512783323498867,7.795010053865481e+17
lamella,1.6,0.5,outputs/stl/lamella_1.6_0.5.stl,150,6.283185307179586,30,0.2,3.214567213770413,1.3041352309237777,3500.0,0.0010887935349451904,0.007424252575987899,0.9499999999999998,221.44595811243695,221.44595811243695,0.0,0.0,6.79908361196484e-11,5.110876265055837e-11,0.011376995994445116,0.028989324918051736,False,,0.005116898021530549,1578811343578064.5
lamella,1.6,1.0,outputs/stl/lamella_1.6_1.0.stl,150,6.283185307179586,30,0.2,3.214562438670132,1.3041448181591822,3500.0,0.0010887951523032022,0.007424237146704442,0.9499999999999998,1506.7760827025068,1506.7760827025068,0.0,0.0,4.3563468208377843e-10,4.092879233974109e-10,0.032554301972735636,0.06540931670254169,False,,0.061307576036234955,7.821477200115963e+16
lamella,1.8,-1.0,outputs/stl/lamella_1.8_-1.0.stl,150,6.283185307179586,30,0.2,3.1375370152710764,1.4054654340915795,3500.0,0.0011155246879844722,0.007334353008726833,0.9499999999999998,364.78613218538356,364.78613218538356,0.0,0.0,9.986391576482025e-11,7.044134887147622e-11,0.020227373623835337,0.04053768346773494,False,,0.012655342401466364,4590079534165431.0
lamella,1.8,-0.5,outputs/stl/lamella_1.8_-0.5.stl,150,6.283185307179586,30,0.2,3.138482702850981,1.4047208884899387,3500.0,0.001115188558095483,0.007336558904939234,0.9499999999999998,702.3527721631945,702.3527721631945,0.0,0.0,3.0438534563814634e-10,1.8493708654512993e-10,0.016135879281926134,0.03231212348487687,False,,0.01994934595429561,1.688169034046777e+16
lamella,1.8,0.0,outputs/stl/lamella_1.8_0.0.stl,150,6.283185307179586,30,0.2,3.138482735673884,1.4047208624831387,3500.0,0.00111518854643261,0.007336551257798009,0.9499999999999998,426.9962552752519,426.9962552752519,0.0,0.0,1.3205353822152754e-10,1.3205353822152754e-10,0.02004139691160841,0.04567746619622216,False,,0.01397432514747355,6198624858754753.0
lamella,1.8,0.5,outputs/stl/lamella_1.8_0.5.stl,150,6.283185307179586,30,0.2,3.1380953747608094,1.4050269833165452,3500.0,0.0011153262033238157,0.007335653839660498,0.9499999999999998,4212.277264790426,4212.277264790426,0.0,0.0,1.662837444712223e-09,9.474427308383661e-10,0.09243847049926675,0.2842627376229963,False,,0.41439851372027864,6.114136260679004e+17
lamella,1.8,1.0,outputs/stl/lamella_1.8_1.0.stl,150,6.283185307179586,30,0.2,3.138037041408227,1.40507294423127,3500.0,0.0011153469362583874,0.007335515049484383,0.9499999999999998,2077.7724869576937,2077.7724869576937,0.0,0.0,9.675595339866858e-10,9.675595339866858e-10,0.04524768543514298,0.1537492419748187,False,,0.1016281767838485,1.4918647334855517e+17
lamella,2.0,-1.0,outputs/stl/lamella_2.0_-1.0.stl,150,6.283185307179586,30,0.2,3.0637045620320182,1.3867294333408084,3500.0,0.0011424078037337276,0.007247663094741335,0.9499999999999998,1389.7861402738015,1389.7861402738015,0.0,0.0,5.345562847264696e-10,3.9712759921191397e-10,0.030508388579605663,0.08035670557618328,False,,0.05994680844481336,6.858249909675011e+16
lamella,2.0,-0.5,outputs/stl/lamella_2.0_-0.5.stl,150,6.283185307179586,30,0.2,3.064525441345283,1.3871009892404964,3500.0,0.0011421017925906172,0.007249601414556881,0.9499999999999998,219.92465863518893,219.92465863518893,0.0,0.0,1.0038099344656547e-10,4.547956619774867e-11,0.014120143362033226,0.037202724271229594,False,,0.010841271666725966,1752622017247452.0
lamella,2.0,0.0,outputs/stl/lamella_2.0_0.0.stl,150,6.283185307179586,30,0.2,3.0645254624583322,1.3871009987969294,3500.0,0.0011421017847221065,0.007249595071404704,0.9499999999999998,674.6368732981579,674.6368732981579,0.0,0.0,2.378640122204122e-10,2.378640122204122e-10,0.015059857843586554,0.0342733865187845,False,,0.02127972047651324,1.5963573642424602e+16
lamella,2.0,0.5,outputs/stl/lamella_2.0_0.5.stl,150,6.283185307179586,30,0.2,3.064189020726439,1.3869487146445987,3500.0,0.001142227185178753,0.007248805860016531,0.9499999999999998,541.7863609099622,541.7863609099622,0.0,0.0,2.538225302962726e-10,1.2629501588431014e-10,0.012404929817944922,0.02730889448657432,False,,0.012784463464138321,1.0538747695059118e+16
lamella,2.0,1.0,outputs/stl/lamella_2.0_1.0.stl,150,6.283185307179586,30,0.2,3.0641385719514727,1.3869258799359296,3500.0,0.0011422459911044226,0.007248683469428817,0.9499999999999998,1380.0317685963741,1380.0317685963741,0.0,0.0,4.49200396870887e-10,4.028306023353923e-10,0.03111001954962234,0.07015640592214609,False,,0.05942905921155499,6.672802792641606e+16
